#node1	node2	node1_string_id	node2_string_id	neighborhood_on_chromosome	gene_fusion	phylogenetic_cooccurrence	homology	coexpression	experimentally_determined_interaction	database_annotated	automated_textmining	combined_score
A2M	APOA1	9606.ENSP00000323929	9606.ENSP00000236850	0	0	0	0	0.102	0	0.900	0.730	0.973
A2M	TTR	9606.ENSP00000323929	9606.ENSP00000237014	0	0	0	0	0.163	0.046	0	0.710	0.748
A2M	APOE	9606.ENSP00000323929	9606.ENSP00000252486	0	0	0	0	0.158	0.270	0	0.785	0.856
A2M	CP	9606.ENSP00000323929	9606.ENSP00000264613	0	0	0	0	0.121	0	0	0.788	0.806
A2M	KLKB1	9606.ENSP00000323929	9606.ENSP00000264690	0	0	0	0	0.111	0.134	0.600	0.933	0.976
A2M	KNG1	9606.ENSP00000323929	9606.ENSP00000265023	0	0	0	0	0.066	0.065	0.300	0.608	0.728
A2M	AMBP	9606.ENSP00000323929	9606.ENSP00000265132	0	0	0	0	0.111	0.678	0	0.535	0.855
A2M	HPX	9606.ENSP00000323929	9606.ENSP00000265983	0	0	0	0	0.108	0	0	0.685	0.707
A2M	SERPING1	9606.ENSP00000323929	9606.ENSP00000278407	0	0	0	0	0.140	0	0	0.716	0.746
A2M	F2	9606.ENSP00000323929	9606.ENSP00000308541	0	0	0	0	0.135	0.134	0	0.783	0.824
A2M	PLG	9606.ENSP00000323929	9606.ENSP00000308938	0	0	0	0	0.108	0.213	0	0.827	0.868
A2M	SERPINF2	9606.ENSP00000323929	9606.ENSP00000321853	0	0	0	0	0.139	0	0	0.760	0.784
A2M	APOA2	9606.ENSP00000323929	9606.ENSP00000356969	0	0	0	0	0.104	0.154	0	0.636	0.700
A2M	B2M	9606.ENSP00000323929	9606.ENSP00000452780	0	0	0	0	0	0.270	0	0.612	0.705
A2M	GIG25	9606.ENSP00000323929	9606.ENSP00000376793	0	0	0	0	0.066	0	0	0.784	0.790
A2M	SERPINA1	9606.ENSP00000323929	9606.ENSP00000416066	0	0	0	0	0.121	0	0	0.877	0.888
A2M	HP	9606.ENSP00000323929	9606.ENSP00000348170	0	0	0	0	0.063	0.134	0	0.879	0.893
A2M	SERPINC1	9606.ENSP00000323929	9606.ENSP00000356671	0	0	0	0	0.166	0	0	0.880	0.895
ACTB	MYH9	9606.ENSP00000349960	9606.ENSP00000216181	0	0	0	0	0.148	0.717	0.800	0.635	0.980
ACTB	GAPDH	9606.ENSP00000349960	9606.ENSP00000229239	0	0	0	0	0.344	0.382	0	0.938	0.972
ACTB	CAT	9606.ENSP00000349960	9606.ENSP00000241052	0	0	0	0	0.062	0.089	0	0.739	0.757
ACTB	ITGA2B	9606.ENSP00000349960	9606.ENSP00000262407	0	0	0	0	0	0	0.800	0.391	0.873
ACTB	PLG	9606.ENSP00000349960	9606.ENSP00000308938	0	0	0	0	0	0.297	0	0.641	0.737
ACTB	FN1	9606.ENSP00000349960	9606.ENSP00000346839	0	0	0	0	0	0.074	0	0.801	0.808
ACTB	HSPA8	9606.ENSP00000349960	9606.ENSP00000432083	0	0	0	0	0.098	0.247	0	0.632	0.728
ACTB	FLNA	9606.ENSP00000349960	9606.ENSP00000358866	0	0	0	0	0.117	0.301	0	0.645	0.762
ACTB	YWHAZ	9606.ENSP00000349960	9606.ENSP00000379287	0	0	0	0	0.267	0.200	0	0.688	0.801
ACTB	B2M	9606.ENSP00000349960	9606.ENSP00000452780	0	0	0	0	0	0	0	0.802	0.802
ACTB	ITGB3	9606.ENSP00000349960	9606.ENSP00000452786	0	0	0	0	0	0.102	0.800	0.509	0.904
ACTB	HIST1H4A	9606.ENSP00000349960	9606.ENSP00000479106	0	0	0	0	0.058	0.821	0	0.576	0.922
ADIPOQ	APOB	9606.ENSP00000389814	9606.ENSP00000233242	0	0	0	0	0	0	0	0.704	0.704
ADIPOQ	CRP	9606.ENSP00000389814	9606.ENSP00000255030	0	0	0	0	0.062	0	0	0.880	0.882
ADIPOQ	RBP4	9606.ENSP00000389814	9606.ENSP00000360522	0	0	0	0	0.063	0	0	0.804	0.808
ADIPOQ	SHBG	9606.ENSP00000389814	9606.ENSP00000369816	0	0	0	0	0.065	0	0	0.717	0.724
AGT	CPB2	9606.ENSP00000355627	9606.ENSP00000181383	0	0	0	0	0.278	0	0.900	0.166	0.934
AGT	KNG1	9606.ENSP00000355627	9606.ENSP00000265023	0	0	0	0	0.097	0.213	0.300	0.610	0.780
AGT	AMBP	9606.ENSP00000355627	9606.ENSP00000265132	0	0	0	0	0.587	0.102	0	0.280	0.710
AGT	ANPEP	9606.ENSP00000355627	9606.ENSP00000300060	0	0	0	0	0.065	0	0.900	0.235	0.922
AGT	F2	9606.ENSP00000355627	9606.ENSP00000308541	0	0	0	0	0.375	0.120	0.900	0.405	0.962
AGT	AHSG	9606.ENSP00000355627	9606.ENSP00000393887	0	0	0	0	0.641	0	0	0.375	0.766
AHSG	SPP2	9606.ENSP00000393887	9606.ENSP00000168148	0	0	0	0	0.569	0	0	0.722	0.875
AHSG	CPB2	9606.ENSP00000393887	9606.ENSP00000181383	0	0	0	0	0.750	0	0	0.480	0.864
AHSG	APOH	9606.ENSP00000393887	9606.ENSP00000205948	0	0	0	0	0.940	0	0	0.595	0.974
AHSG	SERPIND1	9606.ENSP00000393887	9606.ENSP00000215727	0	0	0	0	0.587	0	0	0.350	0.720
AHSG	F9	9606.ENSP00000393887	9606.ENSP00000218099	0	0	0	0	0.618	0.056	0	0.248	0.705
AHSG	APOC3	9606.ENSP00000393887	9606.ENSP00000227667	0	0	0	0	0.799	0	0	0.454	0.886
AHSG	HRG	9606.ENSP00000393887	9606.ENSP00000232003	0	0	0	0	0.664	0	0	0.720	0.902
AHSG	APOB	9606.ENSP00000393887	9606.ENSP00000233242	0	0	0	0	0.813	0	0	0.452	0.893
AHSG	APOA1	9606.ENSP00000393887	9606.ENSP00000236850	0	0	0	0	0.918	0	0	0.683	0.973
AHSG	TTR	9606.ENSP00000393887	9606.ENSP00000237014	0	0	0	0	0.693	0	0	0.602	0.872
AHSG	CRP	9606.ENSP00000393887	9606.ENSP00000255030	0	0	0	0	0.108	0	0	0.687	0.708
AHSG	ORM1	9606.ENSP00000393887	9606.ENSP00000259396	0	0	0	0	0.639	0	0	0.676	0.878
AHSG	SERPINA10	9606.ENSP00000393887	9606.ENSP00000261994	0	0	0	0	0.643	0	0	0.197	0.701
AHSG	AMBP	9606.ENSP00000393887	9606.ENSP00000265132	0	0	0	0	0.958	0.057	0	0.558	0.981
AHSG	HPX	9606.ENSP00000393887	9606.ENSP00000265983	0	0	0	0	0.490	0	0	0.666	0.823
AHSG	FGB	9606.ENSP00000393887	9606.ENSP00000306099	0	0	0	0	0.650	0.086	0	0.328	0.766
AHSG	FGA	9606.ENSP00000393887	9606.ENSP00000306361	0	0	0	0	0.830	0.086	0	0.486	0.913
AHSG	F2	9606.ENSP00000393887	9606.ENSP00000308541	0	0	0	0	0.959	0.056	0	0.463	0.977
AHSG	SERPINA7	9606.ENSP00000393887	9606.ENSP00000329374	0	0	0	0	0.777	0	0	0.323	0.842
AHSG	FGG	9606.ENSP00000393887	9606.ENSP00000336829	0	0	0	0	0.861	0.086	0	0.462	0.926
AHSG	HP	9606.ENSP00000393887	9606.ENSP00000348170	0	0	0	0	0.184	0.056	0	0.691	0.741
AHSG	APOA4	9606.ENSP00000393887	9606.ENSP00000350425	0	0	0	0	0.654	0	0	0.557	0.840
AHSG	ITIH2	9606.ENSP00000393887	9606.ENSP00000351190	0	0	0	0	0.841	0	0	0.429	0.905
AHSG	C8A	9606.ENSP00000393887	9606.ENSP00000354458	0	0	0	0	0.663	0	0	0.196	0.717
AHSG	F13B	9606.ENSP00000393887	9606.ENSP00000356382	0	0	0	0	0.634	0	0	0.543	0.825
AHSG	SERPINC1	9606.ENSP00000393887	9606.ENSP00000356671	0	0	0	0	0.800	0	0	0.493	0.894
AHSG	APOA2	9606.ENSP00000393887	9606.ENSP00000356969	0	0	0	0	0.918	0	0	0.500	0.957
AHSG	C8B	9606.ENSP00000393887	9606.ENSP00000360281	0	0	0	0	0.623	0	0	0.389	0.760
AHSG	RBP4	9606.ENSP00000393887	9606.ENSP00000360522	0	0	0	0	0.354	0	0	0.632	0.752
AHSG	TF	9606.ENSP00000393887	9606.ENSP00000385834	0	0	0	0	0.675	0	0	0.643	0.879
AHSG	SERPINA1	9606.ENSP00000393887	9606.ENSP00000416066	0	0	0	0	0.277	0	0	0.684	0.762
AHSG	ITIH3	9606.ENSP00000393887	9606.ENSP00000415769	0	0	0	0	0.760	0	0	0.350	0.837
AHSG	ORM2	9606.ENSP00000393887	9606.ENSP00000394936	0	0	0	0	0.731	0	0	0.630	0.896
AHSG	GC	9606.ENSP00000393887	9606.ENSP00000421725	0	0	0	0	0.763	0.072	0	0.668	0.920
AMBP	APOH	9606.ENSP00000265132	9606.ENSP00000205948	0	0	0	0	0.911	0.056	0	0.513	0.956
AMBP	SERPIND1	9606.ENSP00000265132	9606.ENSP00000215727	0	0	0	0	0.594	0.102	0	0.304	0.724
AMBP	APOC3	9606.ENSP00000265132	9606.ENSP00000227667	0	0	0	0	0.873	0	0	0.292	0.906
AMBP	APOB	9606.ENSP00000265132	9606.ENSP00000233242	0	0	0	0	0.754	0.063	0	0.167	0.791
AMBP	APOA1	9606.ENSP00000265132	9606.ENSP00000236850	0	0	0	0	0.849	0.368	0	0.413	0.939
AMBP	ORM1	9606.ENSP00000265132	9606.ENSP00000259396	0	0	0	0	0.622	0	0	0.623	0.851
AMBP	C9	9606.ENSP00000265132	9606.ENSP00000263408	0	0	0	0	0.899	0	0	0.166	0.912
AMBP	SERPINA7	9606.ENSP00000265132	9606.ENSP00000329374	0	0	0	0	0.578	0.212	0	0.193	0.708
AMBP	HPX	9606.ENSP00000265132	9606.ENSP00000265983	0	0	0	0	0.486	0	0	0.465	0.713
AMBP	SERPINA5	9606.ENSP00000265132	9606.ENSP00000333203	0	0	0	0	0.555	0.179	0	0.328	0.733
AMBP	LPA	9606.ENSP00000265132	9606.ENSP00000321334	0	0	0	0	0.653	0.143	0	0.218	0.747
AMBP	SERPINA1	9606.ENSP00000265132	9606.ENSP00000416066	0	0	0	0	0.285	0.324	0	0.524	0.750
AMBP	PLG	9606.ENSP00000265132	9606.ENSP00000308938	0	0	0	0	0.653	0.143	0	0.247	0.756
AMBP	GC	9606.ENSP00000265132	9606.ENSP00000421725	0	0	0	0	0.545	0.101	0	0.453	0.757
AMBP	APOM	9606.ENSP00000265132	9606.ENSP00000365081	0	0	0	0	0.803	0	0	0.212	0.838
AMBP	TF	9606.ENSP00000265132	9606.ENSP00000385834	0	0	0	0	0.759	0	0	0.386	0.846
AMBP	ORM2	9606.ENSP00000265132	9606.ENSP00000394936	0	0	0	0	0.737	0	0	0.440	0.846
AMBP	APOA2	9606.ENSP00000265132	9606.ENSP00000356969	0	0	0	0	0.851	0	0	0.269	0.886
AMBP	ITIH1	9606.ENSP00000265132	9606.ENSP00000273283	0	0	0	0	0.215	0	0	0.885	0.906
AMBP	ITIH3	9606.ENSP00000265132	9606.ENSP00000415769	0	0	0	0	0.662	0	0	0.737	0.907
AMBP	ITIH4	9606.ENSP00000265132	9606.ENSP00000266041	0	0	0	0	0.168	0	0	0.911	0.922
AMBP	FGB	9606.ENSP00000265132	9606.ENSP00000306099	0	0	0	0	0.917	0	0	0.268	0.937
AMBP	SERPINC1	9606.ENSP00000265132	9606.ENSP00000356671	0	0	0	0	0.905	0.161	0	0.359	0.944
AMBP	FGA	9606.ENSP00000265132	9606.ENSP00000306361	0	0	0	0	0.940	0	0	0.315	0.957
AMBP	F2	9606.ENSP00000265132	9606.ENSP00000308541	0	0	0	0	0.910	0.296	0	0.419	0.960
AMBP	FGG	9606.ENSP00000265132	9606.ENSP00000336829	0	0	0	0	0.963	0	0	0.356	0.975
AMBP	ITIH2	9606.ENSP00000265132	9606.ENSP00000351190	0	0	0	0	0.811	0	0	0.885	0.977
ANK1	SLC4A1	9606.ENSP00000265709	9606.ENSP00000262418	0	0	0	0	0.101	0.678	0	0.766	0.926
ANK1	SPTA1	9606.ENSP00000265709	9606.ENSP00000357129	0	0	0	0	0.099	0.495	0.600	0.706	0.939
ANK1	SPTB	9606.ENSP00000265709	9606.ENSP00000451752	0	0	0	0	0.157	0.862	0.600	0.946	0.997
APCS	TTR	9606.ENSP00000255040	9606.ENSP00000237014	0	0	0	0	0.109	0	0	0.746	0.764
APCS	CRP	9606.ENSP00000255040	9606.ENSP00000255030	0	0	0	0.942	0.545	0.462	0	0.835	0.757
APOA1	APOH	9606.ENSP00000236850	9606.ENSP00000205948	0	0	0	0	0.845	0.386	0.720	0.663	0.989
APOA1	SERPIND1	9606.ENSP00000236850	9606.ENSP00000215727	0	0	0	0	0.598	0.141	0	0.349	0.756
APOA1	LBP	9606.ENSP00000236850	9606.ENSP00000217407	0	0	0	0	0.085	0.270	0	0.827	0.874
APOA1	PON1	9606.ENSP00000236850	9606.ENSP00000222381	0	0	0	0	0.097	0.213	0.720	0.987	0.997
APOA1	APOC3	9606.ENSP00000236850	9606.ENSP00000227667	0	0	0	0	0.957	0	0.800	0.938	0.999
APOA1	APOB	9606.ENSP00000236850	9606.ENSP00000233242	0	0	0	0	0.793	0.698	0.720	0.928	0.998
APOA1	GC	9606.ENSP00000236850	9606.ENSP00000421725	0	0	0	0	0.183	0.155	0	0.610	0.707
APOA1	SAA2	9606.ENSP00000236850	9606.ENSP00000436126	0	0	0	0	0.062	0.192	0.540	0.324	0.732
APOA1	SERPINA7	9606.ENSP00000236850	9606.ENSP00000329374	0	0	0	0	0.567	0.183	0	0.338	0.745
APOA1	HBB	9606.ENSP00000236850	9606.ENSP00000333994	0	0	0	0	0.054	0	0.600	0.406	0.755
APOA1	HPX	9606.ENSP00000236850	9606.ENSP00000265983	0	0	0	0	0.410	0	0	0.609	0.760
APOA1	PLG	9606.ENSP00000236850	9606.ENSP00000308938	0	0	0	0	0.344	0	0	0.653	0.762
APOA1	RBP4	9606.ENSP00000236850	9606.ENSP00000360522	0	0	0	0	0.268	0.392	0	0.563	0.788
APOA1	ORM1	9606.ENSP00000236850	9606.ENSP00000259396	0	0	0	0	0.572	0	0	0.577	0.811
APOA1	CRP	9606.ENSP00000236850	9606.ENSP00000255030	0	0	0	0	0.088	0	0	0.804	0.813
APOA1	FGB	9606.ENSP00000236850	9606.ENSP00000306099	0	0	0	0	0.632	0.081	0	0.502	0.817
APOA1	SERPINA1	9606.ENSP00000236850	9606.ENSP00000416066	0	0	0	0	0.233	0.259	0	0.708	0.819
APOA1	SAA4	9606.ENSP00000236850	9606.ENSP00000278222	0	0	0	0	0.186	0	0.540	0.562	0.821
APOA1	ORM2	9606.ENSP00000236850	9606.ENSP00000394936	0	0	0	0	0.680	0	0	0.490	0.830
APOA1	ITIH2	9606.ENSP00000236850	9606.ENSP00000351190	0	0	0	0	0.796	0	0	0.269	0.844
APOA1	SERPINC1	9606.ENSP00000236850	9606.ENSP00000356671	0	0	0	0	0.599	0.141	0	0.618	0.857
APOA1	APOF	9606.ENSP00000236850	9606.ENSP00000381250	0	0	0	0	0.146	0.270	0.540	0.564	0.858
APOA1	APOD	9606.ENSP00000236850	9606.ENSP00000345179	0	0	0	0	0	0.270	0	0.826	0.868
APOA1	SAA1	9606.ENSP00000236850	9606.ENSP00000384906	0	0	0	0	0.062	0	0.540	0.734	0.875
APOA1	FGG	9606.ENSP00000236850	9606.ENSP00000336829	0	0	0	0	0.747	0.181	0	0.460	0.878
APOA1	F2	9606.ENSP00000236850	9606.ENSP00000308541	0	0	0	0	0.801	0	0	0.519	0.900
APOA1	APOA4	9606.ENSP00000236850	9606.ENSP00000350425	0	0	0	0.706	0.444	0	0.800	0.866	0.913
APOA1	FGA	9606.ENSP00000236850	9606.ENSP00000306361	0	0	0	0	0.643	0.521	0.300	0.509	0.933
APOA1	HPR	9606.ENSP00000236850	9606.ENSP00000441828	0	0	0	0	0.224	0.213	0.720	0.716	0.945
APOA1	APOM	9606.ENSP00000236850	9606.ENSP00000365081	0	0	0	0	0.259	0	0.720	0.817	0.958
APOA1	APOC1	9606.ENSP00000236850	9606.ENSP00000465356	0	0	0	0	0.186	0.189	0.720	0.867	0.972
APOA1	TTR	9606.ENSP00000236850	9606.ENSP00000237014	0	0	0	0	0.248	0.463	0.300	0.923	0.975
APOA1	TF	9606.ENSP00000236850	9606.ENSP00000385834	0	0	0	0	0.395	0	0.900	0.636	0.976
APOA1	APOC2	9606.ENSP00000236850	9606.ENSP00000466775	0	0	0	0	0.756	0	0.800	0.866	0.992
APOA1	CLU	9606.ENSP00000236850	9606.ENSP00000315130	0	0	0	0	0.062	0.153	0.720	0.983	0.995
APOA1	LPA	9606.ENSP00000236850	9606.ENSP00000321334	0	0	0	0	0.344	0	0.720	0.979	0.995
APOA1	APOL1	9606.ENSP00000236850	9606.ENSP00000317674	0	0	0	0	0.049	0.270	0.800	0.979	0.996
APOA1	APOE	9606.ENSP00000236850	9606.ENSP00000252486	0	0	0	0	0.205	0.371	0.800	0.981	0.997
APOA1	HP	9606.ENSP00000236850	9606.ENSP00000348170	0	0	0	0	0.182	0.413	0.720	0.986	0.997
APOA1	PLTP	9606.ENSP00000236850	9606.ENSP00000417138	0	0	0	0	0	0.462	0.900	0.986	0.999
APOA1	APOA2	9606.ENSP00000236850	9606.ENSP00000356969	0	0	0	0	0.901	0.596	0.900	0.990	0.999
APOA2	APOH	9606.ENSP00000356969	9606.ENSP00000205948	0	0	0	0	0.792	0.390	0.720	0.563	0.982
APOA2	PON1	9606.ENSP00000356969	9606.ENSP00000222381	0	0	0	0	0.143	0	0.720	0.702	0.922
APOA2	APOC3	9606.ENSP00000356969	9606.ENSP00000227667	0	0	0	0	0.796	0	0.800	0.870	0.994
APOA2	APOB	9606.ENSP00000356969	9606.ENSP00000233242	0	0	0	0	0.785	0.385	0.720	0.905	0.996
APOA2	TTR	9606.ENSP00000356969	9606.ENSP00000237014	0	0	0	0	0.239	0.364	0	0.681	0.832
APOA2	C3	9606.ENSP00000356969	9606.ENSP00000245907	0	0	0	0	0.110	0.240	0	0.622	0.722
APOA2	APOE	9606.ENSP00000356969	9606.ENSP00000252486	0	0	0	0	0.084	0.517	0.800	0.949	0.994
APOA2	ORM1	9606.ENSP00000356969	9606.ENSP00000259396	0	0	0	0	0.561	0	0	0.569	0.803
APOA2	SAA4	9606.ENSP00000356969	9606.ENSP00000278222	0	0	0	0	0.187	0	0.540	0.523	0.806
APOA2	FGB	9606.ENSP00000356969	9606.ENSP00000306099	0	0	0	0	0.491	0.152	0	0.372	0.705
APOA2	FGA	9606.ENSP00000356969	9606.ENSP00000306361	0	0	0	0	0.625	0.368	0	0.391	0.843
APOA2	F2	9606.ENSP00000356969	9606.ENSP00000308541	0	0	0	0	0.794	0.158	0	0.284	0.865
APOA2	CLU	9606.ENSP00000356969	9606.ENSP00000315130	0	0	0	0	0	0	0.720	0.657	0.899
APOA2	APOL1	9606.ENSP00000356969	9606.ENSP00000317674	0	0	0	0	0.049	0	0.720	0.577	0.877
APOA2	LPA	9606.ENSP00000356969	9606.ENSP00000321334	0	0	0	0	0.233	0.103	0.720	0.924	0.983
APOA2	FGG	9606.ENSP00000356969	9606.ENSP00000336829	0	0	0	0	0.637	0.248	0	0.330	0.801
APOA2	APOD	9606.ENSP00000356969	9606.ENSP00000345179	0	0	0	0	0	0.488	0	0.936	0.966
APOA2	HP	9606.ENSP00000356969	9606.ENSP00000348170	0	0	0	0	0.214	0.349	0.720	0.702	0.951
APOA2	APOA4	9606.ENSP00000356969	9606.ENSP00000350425	0	0	0	0	0.116	0.155	0.800	0.645	0.939
APOA2	ITIH2	9606.ENSP00000356969	9606.ENSP00000351190	0	0	0	0	0.728	0	0	0.218	0.778
APOA2	SERPINA1	9606.ENSP00000356969	9606.ENSP00000416066	0	0	0	0	0.264	0	0	0.616	0.706
APOA2	SAA1	9606.ENSP00000356969	9606.ENSP00000384906	0	0	0	0	0.062	0	0.540	0.561	0.794
APOA2	TF	9606.ENSP00000356969	9606.ENSP00000385834	0	0	0	0	0.675	0	0	0.503	0.832
APOA2	ORM2	9606.ENSP00000356969	9606.ENSP00000394936	0	0	0	0	0.680	0	0	0.561	0.854
APOA2	APOF	9606.ENSP00000356969	9606.ENSP00000381250	0	0	0	0	0.198	0.270	0.540	0.596	0.876
APOA2	HPR	9606.ENSP00000356969	9606.ENSP00000441828	0	0	0	0	0.202	0.349	0.720	0.458	0.910
APOA2	APOM	9606.ENSP00000356969	9606.ENSP00000365081	0	0	0	0	0.158	0	0.720	0.681	0.918
APOA2	APOC1	9606.ENSP00000356969	9606.ENSP00000465356	0	0	0	0	0.177	0.213	0.720	0.780	0.954
APOA2	PLTP	9606.ENSP00000356969	9606.ENSP00000417138	0	0	0	0	0	0.270	0.720	0.831	0.962
APOA2	APOC2	9606.ENSP00000356969	9606.ENSP00000466775	0	0	0	0	0.105	0.385	0.800	0.855	0.981
APOA4	APOH	9606.ENSP00000350425	9606.ENSP00000205948	0	0	0	0	0.133	0.099	0.720	0.615	0.904
APOA4	PON1	9606.ENSP00000350425	9606.ENSP00000222381	0	0	0	0	0.076	0	0.720	0.576	0.880
APOA4	APOC3	9606.ENSP00000350425	9606.ENSP00000227667	0	0	0	0	0.566	0	0.800	0.834	0.984
APOA4	APOB	9606.ENSP00000350425	9606.ENSP00000233242	0	0	0	0	0.617	0.376	0.720	0.753	0.981
APOA4	TTR	9606.ENSP00000350425	9606.ENSP00000237014	0	0	0	0	0.189	0.207	0.300	0.610	0.801
APOA4	APOE	9606.ENSP00000350425	9606.ENSP00000252486	0	0	0	0.638	0.108	0.225	0.800	0.704	0.887
APOA4	SERPINA10	9606.ENSP00000350425	9606.ENSP00000261994	0	0	0	0	0.635	0.102	0	0.260	0.736
APOA4	SAA4	9606.ENSP00000350425	9606.ENSP00000278222	0	0	0	0	0.097	0	0.540	0.469	0.760
APOA4	FGB	9606.ENSP00000350425	9606.ENSP00000306099	0	0	0	0	0.739	0.081	0	0.391	0.841
APOA4	FGA	9606.ENSP00000350425	9606.ENSP00000306361	0	0	0	0	0.683	0.081	0.300	0.455	0.874
APOA4	CLU	9606.ENSP00000350425	9606.ENSP00000315130	0	0	0	0	0.062	0.102	0.720	0.564	0.883
APOA4	APOL1	9606.ENSP00000350425	9606.ENSP00000317674	0	0	0	0	0.055	0	0.720	0.504	0.857
APOA4	LPA	9606.ENSP00000350425	9606.ENSP00000321334	0	0	0	0	0.265	0	0.720	0.857	0.968
APOA4	FGG	9606.ENSP00000350425	9606.ENSP00000336829	0	0	0	0	0.673	0.081	0	0.425	0.812
APOA4	HP	9606.ENSP00000350425	9606.ENSP00000348170	0	0	0	0	0.065	0	0.720	0.640	0.897
APOA4	SAA1	9606.ENSP00000350425	9606.ENSP00000384906	0	0	0	0	0.062	0	0.540	0.457	0.745
APOA4	APOF	9606.ENSP00000350425	9606.ENSP00000381250	0	0	0	0	0.065	0	0.540	0.501	0.766
APOA4	HPR	9606.ENSP00000350425	9606.ENSP00000441828	0	0	0	0	0.083	0	0.720	0.265	0.795
APOA4	SERPINC1	9606.ENSP00000350425	9606.ENSP00000356671	0	0	0	0	0.695	0.102	0	0.420	0.827
APOA4	PLTP	9606.ENSP00000350425	9606.ENSP00000417138	0	0	0	0	0.062	0	0.720	0.407	0.830
APOA4	GC	9606.ENSP00000350425	9606.ENSP00000421725	0	0	0	0	0.648	0.155	0	0.596	0.869
APOA4	APOM	9606.ENSP00000350425	9606.ENSP00000365081	0	0	0	0	0.187	0	0.720	0.558	0.890
APOA4	APOC1	9606.ENSP00000350425	9606.ENSP00000465356	0	0	0	0	0.084	0	0.720	0.657	0.904
APOA4	APOC2	9606.ENSP00000350425	9606.ENSP00000466775	0	0	0	0	0.197	0	0.800	0.736	0.953
APOB	CPB2	9606.ENSP00000233242	9606.ENSP00000181383	0	0	0	0	0.671	0	0	0.161	0.712
APOB	APOH	9606.ENSP00000233242	9606.ENSP00000205948	0	0	0	0	0.812	0	0.720	0.608	0.977
APOB	PON1	9606.ENSP00000233242	9606.ENSP00000222381	0	0	0	0	0.080	0	0.720	0.730	0.924
APOB	APOC3	9606.ENSP00000233242	9606.ENSP00000227667	0	0	0	0	0.686	0	0.720	0.965	0.996
APOB	HRG	9606.ENSP00000233242	9606.ENSP00000232003	0	0	0	0	0.632	0	0	0.298	0.730
APOB	ITIH3	9606.ENSP00000233242	9606.ENSP00000415769	0	0	0	0	0.694	0	0	0.171	0.736
APOB	SAA1	9606.ENSP00000233242	9606.ENSP00000384906	0	0	0	0	0.062	0	0.540	0.452	0.742
APOB	SERPINC1	9606.ENSP00000233242	9606.ENSP00000356671	0	0	0	0	0.549	0	0	0.467	0.749
APOB	SAA4	9606.ENSP00000233242	9606.ENSP00000278222	0	0	0	0	0.190	0	0.540	0.391	0.753
APOB	ITIH2	9606.ENSP00000233242	9606.ENSP00000351190	0	0	0	0	0.733	0	0	0.171	0.770
APOB	FGB	9606.ENSP00000233242	9606.ENSP00000306099	0	0	0	0	0.659	0	0	0.390	0.783
APOB	APOD	9606.ENSP00000233242	9606.ENSP00000345179	0	0	0	0	0	0	0	0.785	0.785
APOB	HPR	9606.ENSP00000233242	9606.ENSP00000441828	0	0	0	0	0.161	0.056	0.720	0.171	0.791
APOB	FGA	9606.ENSP00000233242	9606.ENSP00000306361	0	0	0	0	0.708	0	0	0.344	0.800
APOB	FGG	9606.ENSP00000233242	9606.ENSP00000336829	0	0	0	0	0.770	0	0	0.310	0.835
APOB	F2	9606.ENSP00000233242	9606.ENSP00000308541	0	0	0	0	0.704	0.056	0	0.466	0.837
APOB	APOL1	9606.ENSP00000233242	9606.ENSP00000317674	0	0	0	0	0.053	0	0.720	0.457	0.843
APOB	CLU	9606.ENSP00000233242	9606.ENSP00000315130	0	0	0	0	0	0	0.720	0.522	0.860
APOB	HP	9606.ENSP00000233242	9606.ENSP00000348170	0	0	0	0	0.131	0.056	0.720	0.565	0.886
APOB	PLG	9606.ENSP00000233242	9606.ENSP00000308938	0	0	0	0	0.223	0.056	0	0.878	0.903
APOB	CRP	9606.ENSP00000233242	9606.ENSP00000255030	0	0	0	0	0.082	0	0	0.902	0.906
APOB	APOM	9606.ENSP00000233242	9606.ENSP00000365081	0	0	0	0	0.134	0	0.720	0.657	0.909
APOB	APOC1	9606.ENSP00000233242	9606.ENSP00000465356	0	0	0	0	0.098	0	0.720	0.740	0.928
APOB	PLTP	9606.ENSP00000233242	9606.ENSP00000417138	0	0	0	0	0	0	0.720	0.763	0.931
APOB	APOF	9606.ENSP00000233242	9606.ENSP00000381250	0	0	0	0	0.084	0	0.900	0.507	0.950
APOB	APOC2	9606.ENSP00000233242	9606.ENSP00000466775	0	0	0	0	0.122	0.385	0.720	0.883	0.980
APOB	APOE	9606.ENSP00000233242	9606.ENSP00000252486	0	0	0	0	0.321	0.385	0.720	0.991	0.998
APOB	LPA	9606.ENSP00000233242	9606.ENSP00000321334	0	0	0	0	0.223	0.056	0.900	0.990	0.999
APOC1	APOH	9606.ENSP00000465356	9606.ENSP00000205948	0	0	0	0	0.146	0	0.720	0.581	0.891
APOC1	PON1	9606.ENSP00000465356	9606.ENSP00000222381	0	0	0	0	0.146	0	0.720	0.588	0.892
APOC1	APOC3	9606.ENSP00000465356	9606.ENSP00000227667	0	0	0	0	0.186	0	0.800	0.828	0.969
APOC1	APOE	9606.ENSP00000465356	9606.ENSP00000252486	0	0	0	0	0.804	0	0.720	0.920	0.995
APOC1	SAA4	9606.ENSP00000465356	9606.ENSP00000278222	0	0	0	0	0.097	0	0.540	0.471	0.761
APOC1	CLU	9606.ENSP00000465356	9606.ENSP00000315130	0	0	0	0	0.062	0	0.720	0.566	0.876
APOC1	APOL1	9606.ENSP00000465356	9606.ENSP00000317674	0	0	0	0	0	0	0.720	0.557	0.870
APOC1	LPA	9606.ENSP00000465356	9606.ENSP00000321334	0	0	0	0	0.112	0	0.720	0.663	0.908
APOC1	HP	9606.ENSP00000465356	9606.ENSP00000348170	0	0	0	0	0.141	0	0.720	0.427	0.850
APOC1	APOM	9606.ENSP00000465356	9606.ENSP00000365081	0	0	0	0	0.076	0	0.720	0.642	0.899
APOC1	APOF	9606.ENSP00000465356	9606.ENSP00000381250	0	0	0	0	0.112	0	0.540	0.593	0.819
APOC1	SAA1	9606.ENSP00000465356	9606.ENSP00000384906	0	0	0	0	0.062	0	0.540	0.456	0.744
APOC1	PLTP	9606.ENSP00000465356	9606.ENSP00000417138	0	0	0	0	0.088	0	0.720	0.567	0.879
APOC1	HPR	9606.ENSP00000465356	9606.ENSP00000441828	0	0	0	0	0.126	0	0.720	0.218	0.792
APOC1	APOC2	9606.ENSP00000465356	9606.ENSP00000466775	0	0	0	0	0.185	0	0.720	0.862	0.965
APOC2	APOH	9606.ENSP00000466775	9606.ENSP00000205948	0	0	0	0	0.134	0	0.720	0.556	0.882
APOC2	PON1	9606.ENSP00000466775	9606.ENSP00000222381	0	0	0	0	0.077	0	0.720	0.553	0.874
APOC2	APOC3	9606.ENSP00000466775	9606.ENSP00000227667	0	0	0	0	0.205	0	0.800	0.919	0.986
APOC2	APOE	9606.ENSP00000466775	9606.ENSP00000252486	0	0	0	0	0.166	0.385	0.800	0.907	0.989
APOC2	SAA4	9606.ENSP00000466775	9606.ENSP00000278222	0	0	0	0	0.096	0	0.540	0.509	0.778
APOC2	CLU	9606.ENSP00000466775	9606.ENSP00000315130	0	0	0	0	0	0	0.720	0.508	0.856
APOC2	APOL1	9606.ENSP00000466775	9606.ENSP00000317674	0	0	0	0	0	0	0.720	0.530	0.862
APOC2	LPA	9606.ENSP00000466775	9606.ENSP00000321334	0	0	0	0	0.263	0	0.720	0.710	0.934
APOC2	HP	9606.ENSP00000466775	9606.ENSP00000348170	0	0	0	0	0.067	0	0.720	0.370	0.821
APOC2	APOM	9606.ENSP00000466775	9606.ENSP00000365081	0	0	0	0	0.559	0	0.720	0.634	0.950
APOC2	APOF	9606.ENSP00000466775	9606.ENSP00000381250	0	0	0	0	0.108	0	0.540	0.519	0.785
APOC2	SAA1	9606.ENSP00000466775	9606.ENSP00000384906	0	0	0	0	0.062	0	0.540	0.466	0.749
APOC2	PLTP	9606.ENSP00000466775	9606.ENSP00000417138	0	0	0	0	0.063	0	0.720	0.602	0.886
APOC2	HPR	9606.ENSP00000466775	9606.ENSP00000441828	0	0	0	0	0.102	0	0.720	0.243	0.793
APOC3	APOH	9606.ENSP00000227667	9606.ENSP00000205948	0	0	0	0	0.841	0	0.720	0.598	0.980
APOC3	PON1	9606.ENSP00000227667	9606.ENSP00000222381	0	0	0	0	0.165	0	0.720	0.634	0.907
APOC3	ORM1	9606.ENSP00000227667	9606.ENSP00000259396	0	0	0	0	0.562	0	0	0.401	0.726
APOC3	FGB	9606.ENSP00000227667	9606.ENSP00000306099	0	0	0	0	0.572	0	0	0.433	0.747
APOC3	SAA1	9606.ENSP00000227667	9606.ENSP00000384906	0	0	0	0	0.063	0	0.540	0.469	0.751
APOC3	FGA	9606.ENSP00000227667	9606.ENSP00000306361	0	0	0	0	0.623	0	0	0.464	0.789
APOC3	ORM2	9606.ENSP00000227667	9606.ENSP00000394936	0	0	0	0	0.717	0	0	0.335	0.804
APOC3	APOF	9606.ENSP00000227667	9606.ENSP00000381250	0	0	0	0	0.152	0	0.540	0.557	0.812
APOC3	FGG	9606.ENSP00000227667	9606.ENSP00000336829	0	0	0	0	0.752	0	0	0.381	0.840
APOC3	F2	9606.ENSP00000227667	9606.ENSP00000308541	0	0	0	0	0.787	0	0	0.297	0.844
APOC3	HPR	9606.ENSP00000227667	9606.ENSP00000441828	0	0	0	0	0.297	0	0.720	0.285	0.847
APOC3	SAA4	9606.ENSP00000227667	9606.ENSP00000278222	0	0	0	0	0.316	0	0.540	0.558	0.848
APOC3	SERPINC1	9606.ENSP00000227667	9606.ENSP00000356671	0	0	0	0	0.791	0	0	0.349	0.858
APOC3	APOL1	9606.ENSP00000227667	9606.ENSP00000317674	0	0	0	0	0.055	0	0.720	0.560	0.873
APOC3	CLU	9606.ENSP00000227667	9606.ENSP00000315130	0	0	0	0	0.062	0	0.720	0.562	0.874
APOC3	HP	9606.ENSP00000227667	9606.ENSP00000348170	0	0	0	0	0.197	0	0.720	0.505	0.878
APOC3	PLTP	9606.ENSP00000227667	9606.ENSP00000417138	0	0	0	0	0	0	0.720	0.601	0.883
APOC3	APOM	9606.ENSP00000227667	9606.ENSP00000365081	0	0	0	0	0.174	0	0.720	0.634	0.908
APOC3	LPA	9606.ENSP00000227667	9606.ENSP00000321334	0	0	0	0	0.236	0	0.720	0.812	0.956
APOC3	APOE	9606.ENSP00000227667	9606.ENSP00000252486	0	0	0	0	0.093	0	0.800	0.857	0.971
APOD	C8G	9606.ENSP00000345179	9606.ENSP00000224181	0	0	0	0	0	0	0	0.702	0.702
APOD	APOE	9606.ENSP00000345179	9606.ENSP00000252486	0	0	0	0	0.088	0	0	0.688	0.703
APOD	C1QB	9606.ENSP00000345179	9606.ENSP00000313967	0	0	0	0	0.141	0	0	0.732	0.759
APOE	APOH	9606.ENSP00000252486	9606.ENSP00000205948	0	0	0	0	0.062	0.369	0.720	0.595	0.923
APOE	PON1	9606.ENSP00000252486	9606.ENSP00000222381	0	0	0	0	0.062	0	0.720	0.743	0.926
APOE	SAA4	9606.ENSP00000252486	9606.ENSP00000278222	0	0	0	0	0	0	0.540	0.375	0.700
APOE	CRP	9606.ENSP00000252486	9606.ENSP00000255030	0	0	0	0	0	0	0	0.728	0.728
APOE	CFH	9606.ENSP00000252486	9606.ENSP00000356399	0	0	0	0	0.054	0.297	0	0.660	0.754
APOE	SAA1	9606.ENSP00000252486	9606.ENSP00000384906	0	0	0	0	0	0	0.540	0.508	0.764
APOE	APOF	9606.ENSP00000252486	9606.ENSP00000381250	0	0	0	0	0.062	0	0.540	0.517	0.773
APOE	HPR	9606.ENSP00000252486	9606.ENSP00000441828	0	0	0	0	0.096	0	0.720	0.233	0.788
APOE	BCHE	9606.ENSP00000252486	9606.ENSP00000264381	0	0	0	0	0.085	0	0	0.845	0.852
APOE	APOL1	9606.ENSP00000252486	9606.ENSP00000317674	0	0	0	0	0	0	0.720	0.517	0.858
APOE	APOM	9606.ENSP00000252486	9606.ENSP00000365081	0	0	0	0	0.064	0	0.720	0.690	0.911
APOE	LPA	9606.ENSP00000252486	9606.ENSP00000321334	0	0	0	0	0.064	0	0.720	0.826	0.950
APOE	PLTP	9606.ENSP00000252486	9606.ENSP00000417138	0	0	0	0	0.139	0.270	0.720	0.878	0.975
APOE	CLU	9606.ENSP00000252486	9606.ENSP00000315130	0	0	0	0	0.099	0	0.720	0.955	0.987
APOE	RELN	9606.ENSP00000252486	9606.ENSP00000392423	0	0	0	0	0.080	0	0	0.987	0.988
APOE	HP	9606.ENSP00000252486	9606.ENSP00000348170	0	0	0	0	0.062	0.413	0.720	0.947	0.990
APOF	APOH	9606.ENSP00000381250	9606.ENSP00000205948	0	0	0	0	0.166	0	0.540	0.572	0.821
APOF	PON1	9606.ENSP00000381250	9606.ENSP00000222381	0	0	0	0	0.146	0	0.540	0.552	0.808
APOF	SAA4	9606.ENSP00000381250	9606.ENSP00000278222	0	0	0	0	0.104	0	0.540	0.506	0.779
APOF	CLU	9606.ENSP00000381250	9606.ENSP00000315130	0	0	0	0	0	0	0.540	0.518	0.768
APOF	APOL1	9606.ENSP00000381250	9606.ENSP00000317674	0	0	0	0	0	0	0.540	0.632	0.823
APOF	LPA	9606.ENSP00000381250	9606.ENSP00000321334	0	0	0	0	0.128	0	0.540	0.501	0.782
APOF	APOM	9606.ENSP00000381250	9606.ENSP00000365081	0	0	0	0	0.141	0	0.540	0.609	0.832
APOF	HPR	9606.ENSP00000381250	9606.ENSP00000441828	0	0	0	0	0.067	0	0.540	0.402	0.720
APOF	PLTP	9606.ENSP00000381250	9606.ENSP00000417138	0	0	0	0	0	0	0.540	0.612	0.814
APOH	SAA4	9606.ENSP00000205948	9606.ENSP00000278222	0	0	0	0	0.233	0	0.540	0.294	0.729
APOH	ITIH3	9606.ENSP00000205948	9606.ENSP00000415769	0	0	0	0	0.564	0	0.300	0.232	0.745
APOH	SERPINA1	9606.ENSP00000205948	9606.ENSP00000416066	0	0	0	0	0.297	0.261	0	0.556	0.749
APOH	ORM1	9606.ENSP00000205948	9606.ENSP00000259396	0	0	0	0	0.565	0	0	0.452	0.751
APOH	ORM2	9606.ENSP00000205948	9606.ENSP00000394936	0	0	0	0	0.619	0	0	0.458	0.784
APOH	PLTP	9606.ENSP00000205948	9606.ENSP00000417138	0	0	0	0	0	0	0.720	0.274	0.788
APOH	VWF	9606.ENSP00000205948	9606.ENSP00000261405	0	0	0	0	0	0	0	0.792	0.792
APOH	SERPIND1	9606.ENSP00000205948	9606.ENSP00000215727	0	0	0	0	0.702	0.057	0	0.390	0.813
APOH	HPR	9606.ENSP00000205948	9606.ENSP00000441828	0	0	0	0	0.237	0	0.720	0.204	0.815
APOH	GC	9606.ENSP00000205948	9606.ENSP00000421725	0	0	0	0	0.611	0	0	0.571	0.826
APOH	APOL1	9606.ENSP00000205948	9606.ENSP00000317674	0	0	0	0	0.055	0	0.720	0.430	0.836
APOH	PON1	9606.ENSP00000205948	9606.ENSP00000222381	0	0	0	0	0.161	0	0.720	0.425	0.853
APOH	PLG	9606.ENSP00000205948	9606.ENSP00000308938	0	0	0	0	0.187	0.472	0	0.694	0.857
APOH	FGA	9606.ENSP00000205948	9606.ENSP00000306361	0	0	0	0	0.668	0.158	0	0.539	0.860
APOH	CLU	9606.ENSP00000205948	9606.ENSP00000315130	0	0	0	0	0.062	0	0.720	0.527	0.864
APOH	FGB	9606.ENSP00000205948	9606.ENSP00000306099	0	0	0	0	0.707	0.158	0	0.518	0.870
APOH	APOM	9606.ENSP00000205948	9606.ENSP00000365081	0	0	0	0	0.133	0	0.720	0.517	0.872
APOH	ITIH2	9606.ENSP00000205948	9606.ENSP00000351190	0	0	0	0	0.827	0	0	0.355	0.884
APOH	HP	9606.ENSP00000205948	9606.ENSP00000348170	0	0	0	0	0.212	0	0.720	0.623	0.909
APOH	LPA	9606.ENSP00000205948	9606.ENSP00000321334	0	0	0	0	0.187	0.310	0.720	0.694	0.945
APOH	SERPINC1	9606.ENSP00000205948	9606.ENSP00000356671	0	0	0	0	0.819	0.057	0	0.710	0.946
APOH	FGG	9606.ENSP00000205948	9606.ENSP00000336829	0	0	0	0	0.898	0.158	0	0.478	0.951
APOH	F2	9606.ENSP00000205948	9606.ENSP00000308541	0	0	0	0	0.847	0	0	0.845	0.975
APOL1	MYH9	9606.ENSP00000317674	9606.ENSP00000216181	0	0	0	0	0	0	0	0.760	0.760
APOL1	PON1	9606.ENSP00000317674	9606.ENSP00000222381	0	0	0	0	0.053	0	0.720	0.556	0.871
APOL1	SAA4	9606.ENSP00000317674	9606.ENSP00000278222	0	0	0	0	0	0	0.540	0.589	0.803
APOL1	CLU	9606.ENSP00000317674	9606.ENSP00000315130	0	0	0	0	0	0	0.720	0.464	0.843
APOL1	HBB	9606.ENSP00000317674	9606.ENSP00000333994	0	0	0	0	0	0	0.600	0.324	0.718
APOL1	PLTP	9606.ENSP00000317674	9606.ENSP00000417138	0	0	0	0	0	0	0.720	0.413	0.828
APOL1	LPA	9606.ENSP00000317674	9606.ENSP00000321334	0	0	0	0	0.050	0	0.720	0.506	0.857
APOL1	APOM	9606.ENSP00000317674	9606.ENSP00000365081	0	0	0	0	0	0	0.720	0.654	0.898
APOL1	HPR	9606.ENSP00000317674	9606.ENSP00000441828	0	0	0	0	0	0	0.720	0.928	0.979
APOL1	HP	9606.ENSP00000317674	9606.ENSP00000348170	0	0	0	0	0.065	0	0.720	0.929	0.979
APOM	PON1	9606.ENSP00000365081	9606.ENSP00000222381	0	0	0	0	0.075	0	0.720	0.655	0.902
APOM	C9	9606.ENSP00000365081	9606.ENSP00000263408	0	0	0	0	0.825	0	0	0.158	0.846
APOM	SAA4	9606.ENSP00000365081	9606.ENSP00000278222	0	0	0	0	0.099	0	0.540	0.535	0.790
APOM	FGB	9606.ENSP00000365081	9606.ENSP00000306099	0	0	0	0	0.914	0	0	0.234	0.931
APOM	CLU	9606.ENSP00000365081	9606.ENSP00000315130	0	0	0	0	0	0	0.720	0.505	0.855
APOM	LPA	9606.ENSP00000365081	9606.ENSP00000321334	0	0	0	0	0.641	0	0.720	0.612	0.957
APOM	FGG	9606.ENSP00000365081	9606.ENSP00000336829	0	0	0	0	0.814	0	0	0.142	0.833
APOM	HP	9606.ENSP00000365081	9606.ENSP00000348170	0	0	0	0	0.064	0	0.720	0.322	0.806
APOM	SERPINC1	9606.ENSP00000365081	9606.ENSP00000356671	0	0	0	0	0.281	0	0	0.621	0.716
APOM	SAA1	9606.ENSP00000365081	9606.ENSP00000384906	0	0	0	0	0.062	0	0.540	0.409	0.722
APOM	HPR	9606.ENSP00000365081	9606.ENSP00000441828	0	0	0	0	0.064	0	0.720	0.324	0.807
APOM	PLTP	9606.ENSP00000365081	9606.ENSP00000417138	0	0	0	0	0	0	0.720	0.586	0.879
B2M	GAPDH	9606.ENSP00000452780	9606.ENSP00000229239	0	0	0	0	0.062	0	0	0.797	0.801
B2M	TTR	9606.ENSP00000452780	9606.ENSP00000237014	0	0	0	0	0	0	0.300	0.681	0.767
B2M	TFRC	9606.ENSP00000452780	9606.ENSP00000353224	0	0	0	0	0.062	0.936	0.720	0.963	0.999
B2M	TF	9606.ENSP00000452780	9606.ENSP00000385834	0	0	0	0	0.063	0	0.720	0.230	0.780
BCHE	PON1	9606.ENSP00000264381	9606.ENSP00000222381	0	0	0	0	0.063	0	0	0.720	0.726
BCHE	F2	9606.ENSP00000264381	9606.ENSP00000308541	0	0	0	0	0.126	0.056	0	0.681	0.714
C1QA	CFP	9606.ENSP00000363773	9606.ENSP00000247153	0	0	0	0	0.227	0.348	0	0.493	0.722
C1QA	CRP	9606.ENSP00000363773	9606.ENSP00000255030	0	0	0	0	0	0.617	0.600	0.335	0.889
C1QA	SERPING1	9606.ENSP00000363773	9606.ENSP00000278407	0	0	0	0	0.349	0	0.800	0.553	0.936
C1QA	C2	9606.ENSP00000363773	9606.ENSP00000299367	0	0	0	0	0.118	0	0.900	0.199	0.923
C1QA	C1QB	9606.ENSP00000363773	9606.ENSP00000313967	0	0	0.389	0.860	0.990	0.966	0.900	0.885	0.999
C1QA	MBL2	9606.ENSP00000363773	9606.ENSP00000363079	0	0	0	0	0.061	0.270	0.500	0.630	0.856
C1QA	C1QC	9606.ENSP00000363773	9606.ENSP00000363770	0	0	0.397	0.825	0.954	0.961	0.900	0.803	0.999
C1QA	COLEC11	9606.ENSP00000363773	9606.ENSP00000411770	0	0	0.378	0	0.062	0	0.500	0.147	0.717
C1QA	MASP2	9606.ENSP00000363773	9606.ENSP00000383690	0	0	0	0	0	0.680	0.500	0.393	0.894
C1QA	C4A	9606.ENSP00000363773	9606.ENSP00000396688	0	0	0	0	0.156	0	0.900	0.550	0.958
C1QA	C4B	9606.ENSP00000363773	9606.ENSP00000415941	0	0	0	0	0.161	0	0.900	0.550	0.959
C1QA	C1S	9606.ENSP00000363773	9606.ENSP00000385035	0	0	0	0	0.181	0.732	0.900	0.615	0.990
C1QA	C1R	9606.ENSP00000363773	9606.ENSP00000438615	0	0	0	0	0.155	0.786	0.900	0.570	0.991
C1QB	F13A1	9606.ENSP00000313967	9606.ENSP00000264870	0	0	0	0	0.571	0	0	0.341	0.705
C1QB	SERPING1	9606.ENSP00000313967	9606.ENSP00000278407	0	0	0	0	0.363	0	0.800	0.570	0.940
C1QB	C2	9606.ENSP00000313967	9606.ENSP00000299367	0	0	0	0	0.117	0	0.900	0.323	0.935
C1QB	CFH	9606.ENSP00000313967	9606.ENSP00000356399	0	0	0	0	0.528	0	0	0.564	0.786
C1QB	C4A	9606.ENSP00000313967	9606.ENSP00000396688	0	0	0	0	0.160	0	0.900	0.638	0.967
C1QB	C4B	9606.ENSP00000313967	9606.ENSP00000415941	0	0	0	0	0.171	0	0.900	0.643	0.967
C1QB	C1R	9606.ENSP00000313967	9606.ENSP00000438615	0	0	0	0	0.138	0.213	0.900	0.658	0.973
C1QB	C1S	9606.ENSP00000313967	9606.ENSP00000385035	0	0	0	0	0.223	0	0.900	0.687	0.973
C1QB	C1QC	9606.ENSP00000313967	9606.ENSP00000363770	0	0	0.426	0.927	0.990	0.907	0.900	0.949	0.999
C1QC	CFP	9606.ENSP00000363770	9606.ENSP00000247153	0	0	0	0	0.236	0.391	0	0.522	0.758
C1QC	CRP	9606.ENSP00000363770	9606.ENSP00000255030	0	0	0	0	0	0	0.600	0.325	0.718
C1QC	SERPING1	9606.ENSP00000363770	9606.ENSP00000278407	0	0	0	0	0.329	0	0.800	0.505	0.927
C1QC	C2	9606.ENSP00000363770	9606.ENSP00000299367	0	0	0	0	0.117	0	0.900	0.365	0.939
C1QC	MASP2	9606.ENSP00000363770	9606.ENSP00000383690	0	0	0	0	0	0	0.500	0.437	0.706
C1QC	COLEC11	9606.ENSP00000363770	9606.ENSP00000411770	0	0	0.418	0	0.062	0	0.500	0.251	0.768
C1QC	C4B	9606.ENSP00000363770	9606.ENSP00000415941	0	0	0	0	0.171	0	0.900	0.585	0.962
C1QC	C4A	9606.ENSP00000363770	9606.ENSP00000396688	0	0	0	0	0.161	0	0.900	0.584	0.962
C1QC	C1S	9606.ENSP00000363770	9606.ENSP00000385035	0	0	0	0	0.185	0	0.900	0.688	0.972
C1QC	C1R	9606.ENSP00000363770	9606.ENSP00000438615	0	0	0	0	0.120	0	0.900	0.746	0.975
C1R	C3	9606.ENSP00000438615	9606.ENSP00000245907	0	0	0	0	0.192	0.134	0	0.767	0.822
C1R	CFP	9606.ENSP00000438615	9606.ENSP00000247153	0	0	0	0	0.062	0	0	0.729	0.734
C1R	CRP	9606.ENSP00000438615	9606.ENSP00000255030	0	0	0	0	0.062	0	0.900	0.451	0.944
C1R	FCN3	9606.ENSP00000438615	9606.ENSP00000270879	0	0	0	0	0.076	0.056	0.500	0.652	0.827
C1R	SERPING1	9606.ENSP00000438615	9606.ENSP00000278407	0	0	0	0	0.698	0.330	0.800	0.986	0.999
C1R	FCN2	9606.ENSP00000438615	9606.ENSP00000291744	0	0	0	0	0.062	0.056	0.500	0.662	0.830
C1R	C2	9606.ENSP00000438615	9606.ENSP00000299367	0	0	0	0	0.106	0	0.900	0.511	0.952
C1R	MBL2	9606.ENSP00000438615	9606.ENSP00000363079	0	0	0	0	0.062	0	0.500	0.836	0.916
C1R	C1S	9606.ENSP00000438615	9606.ENSP00000385035	0	0	0	0.879	0.873	0.972	0.900	0.991	0.999
C1R	C4A	9606.ENSP00000438615	9606.ENSP00000396688	0	0	0	0	0.185	0.134	0.900	0.829	0.986
C1R	COLEC11	9606.ENSP00000438615	9606.ENSP00000411770	0	0	0	0	0.062	0	0.500	0.603	0.797
C1R	C4B	9606.ENSP00000438615	9606.ENSP00000415941	0	0	0	0	0.182	0.134	0.900	0.853	0.988
C1S	C3	9606.ENSP00000385035	9606.ENSP00000245907	0	0	0	0	0.163	0.134	0	0.803	0.845
C1S	CFP	9606.ENSP00000385035	9606.ENSP00000247153	0	0	0	0	0.062	0	0	0.762	0.767
C1S	CRP	9606.ENSP00000385035	9606.ENSP00000255030	0	0	0	0	0.062	0	0.900	0.510	0.950
C1S	FCN3	9606.ENSP00000385035	9606.ENSP00000270879	0	0	0	0	0.076	0.056	0.500	0.653	0.828
C1S	SERPING1	9606.ENSP00000385035	9606.ENSP00000278407	0	0	0	0	0.445	0.507	0.800	0.988	0.999
C1S	FCN2	9606.ENSP00000385035	9606.ENSP00000291744	0	0	0	0	0.062	0.056	0.500	0.697	0.848
C1S	C2	9606.ENSP00000385035	9606.ENSP00000299367	0	0	0	0.555	0.113	0	0.900	0.572	0.930
C1S	CFH	9606.ENSP00000385035	9606.ENSP00000356399	0	0	0	0	0.249	0	0	0.639	0.717
C1S	MBL2	9606.ENSP00000385035	9606.ENSP00000363079	0	0	0	0	0.063	0	0.500	0.868	0.932
C1S	COLEC11	9606.ENSP00000385035	9606.ENSP00000411770	0	0	0	0	0.063	0	0.500	0.601	0.796
C1S	C4A	9606.ENSP00000385035	9606.ENSP00000396688	0	0	0	0	0.145	0.134	0.900	0.902	0.991
C1S	C4B	9606.ENSP00000385035	9606.ENSP00000415941	0	0	0	0	0.137	0.134	0.900	0.927	0.993
C2	C5	9606.ENSP00000299367	9606.ENSP00000223642	0	0	0	0	0.064	0.289	0.900	0.573	0.967
C2	C3	9606.ENSP00000299367	9606.ENSP00000245907	0	0	0	0	0.148	0.296	0.800	0.762	0.967
C2	FCN3	9606.ENSP00000299367	9606.ENSP00000270879	0	0	0	0	0	0.056	0.900	0.321	0.930
C2	FCN2	9606.ENSP00000299367	9606.ENSP00000291744	0	0	0	0	0.056	0.056	0.900	0.356	0.934
C2	MASP1	9606.ENSP00000299367	9606.ENSP00000296280	0	0	0	0.544	0.066	0.213	0.900	0.453	0.935
C2	CFH	9606.ENSP00000299367	9606.ENSP00000356399	0	0	0	0	0.063	0	0	0.783	0.788
C2	IGLL5	9606.ENSP00000299367	9606.ENSP00000431254	0	0	0	0	0.062	0	0.900	0	0.902
C2	CFI	9606.ENSP00000299367	9606.ENSP00000378130	0	0	0	0	0.099	0	0.650	0.737	0.910
C2	COLEC11	9606.ENSP00000299367	9606.ENSP00000411770	0	0	0	0	0.062	0	0.900	0.196	0.918
C2	MASP2	9606.ENSP00000299367	9606.ENSP00000383690	0	0	0	0.553	0.066	0	0.900	0.463	0.921
C2	MBL2	9606.ENSP00000299367	9606.ENSP00000363079	0	0	0	0	0.096	0	0.900	0.418	0.942
C2	C4A	9606.ENSP00000299367	9606.ENSP00000396688	0	0	0	0	0.093	0.134	0.800	0.709	0.948
C2	C4B	9606.ENSP00000299367	9606.ENSP00000415941	0	0	0	0	0.091	0.535	0.800	0.654	0.966
C3	CPB2	9606.ENSP00000245907	9606.ENSP00000181383	0	0	0	0	0.105	0	0.900	0.414	0.943
C3	C5	9606.ENSP00000245907	9606.ENSP00000223642	0	0	0	0.754	0.063	0.270	0.800	0.902	0.884
C3	TF	9606.ENSP00000245907	9606.ENSP00000385834	0	0	0	0	0.137	0.169	0	0.629	0.711
C3	CLU	9606.ENSP00000245907	9606.ENSP00000315130	0	0	0	0	0.090	0	0	0.720	0.734
C3	ITIH4	9606.ENSP00000245907	9606.ENSP00000266041	0.044	0	0	0	0.110	0.105	0	0.717	0.755
C3	GC	9606.ENSP00000245907	9606.ENSP00000421725	0	0	0	0	0.091	0.286	0	0.690	0.781
C3	HP	9606.ENSP00000245907	9606.ENSP00000348170	0	0	0	0	0.121	0.152	0	0.736	0.786
C3	MASP2	9606.ENSP00000245907	9606.ENSP00000383690	0	0	0	0	0.084	0.255	0	0.717	0.790
C3	MBL2	9606.ENSP00000245907	9606.ENSP00000363079	0	0	0	0	0.109	0	0	0.803	0.817
C3	SERPINA1	9606.ENSP00000245907	9606.ENSP00000416066	0	0	0	0	0.160	0	0	0.808	0.832
C3	SERPING1	9606.ENSP00000245907	9606.ENSP00000278407	0	0	0	0	0.126	0	0	0.863	0.875
C3	C4A	9606.ENSP00000245907	9606.ENSP00000396688	0	0	0	0.749	0.220	0	0.800	0.990	0.877
C3	C4B	9606.ENSP00000245907	9606.ENSP00000415941	0	0	0	0.751	0.227	0	0.800	0.990	0.878
C3	C8B	9606.ENSP00000245907	9606.ENSP00000360281	0	0	0	0	0.119	0.105	0	0.879	0.897
C3	CPN2	9606.ENSP00000245907	9606.ENSP00000319464	0	0	0	0	0.065	0.105	0.900	0.078	0.912
C3	MASP1	9606.ENSP00000245907	9606.ENSP00000296280	0	0	0	0	0.086	0.388	0	0.861	0.915
C3	CPN1	9606.ENSP00000245907	9606.ENSP00000359446	0	0	0	0	0.083	0.270	0.900	0.294	0.946
C3	CRP	9606.ENSP00000245907	9606.ENSP00000255030	0	0	0	0	0.080	0.486	0	0.897	0.947
C3	PLG	9606.ENSP00000245907	9606.ENSP00000308938	0	0	0	0	0.147	0.156	0.800	0.696	0.950
C3	VWF	9606.ENSP00000245907	9606.ENSP00000261405	0	0	0	0	0.084	0	0	0.949	0.952
C3	C8A	9606.ENSP00000245907	9606.ENSP00000354458	0	0	0	0	0.118	0.078	0	0.962	0.966
C3	CFI	9606.ENSP00000245907	9606.ENSP00000378130	0	0	0	0	0.139	0.974	0.800	0.971	0.999
C3	CFP	9606.ENSP00000245907	9606.ENSP00000247153	0	0	0	0	0.064	0.932	0.800	0.989	0.999
C3	CFH	9606.ENSP00000245907	9606.ENSP00000356399	0	0	0	0	0.118	0.982	0.800	0.989	0.999
C3	CFB	9606.ENSP00000245907	9606.ENSP00000416561	0	0	0	0	0.311	0.977	0.800	0.989	0.999
C4A	C5	9606.ENSP00000396688	9606.ENSP00000223642	0	0	0	0.690	0.083	0	0.900	0.840	0.929
C4A	C4BPB	9606.ENSP00000396688	9606.ENSP00000243611	0	0	0	0	0	0	0.800	0.643	0.925
C4A	CFP	9606.ENSP00000396688	9606.ENSP00000247153	0	0	0	0	0.062	0	0	0.747	0.753
C4A	CRP	9606.ENSP00000396688	9606.ENSP00000255030	0	0	0	0	0.059	0	0	0.919	0.920
C4A	FCN3	9606.ENSP00000396688	9606.ENSP00000270879	0	0	0	0	0.087	0	0.900	0.612	0.961
C4A	SERPING1	9606.ENSP00000396688	9606.ENSP00000278407	0	0	0	0	0.159	0	0	0.700	0.737
C4A	FCN2	9606.ENSP00000396688	9606.ENSP00000291744	0	0	0	0	0.062	0	0.900	0.664	0.965
C4A	MASP1	9606.ENSP00000396688	9606.ENSP00000296280	0	0	0	0	0.104	0.255	0.900	0.684	0.976
C4A	C8A	9606.ENSP00000396688	9606.ENSP00000354458	0	0	0	0	0.127	0.078	0	0.806	0.830
C4A	C4BPA	9606.ENSP00000396688	9606.ENSP00000356037	0	0	0	0	0.097	0.213	0.800	0.831	0.972
C4A	CFH	9606.ENSP00000396688	9606.ENSP00000356399	0	0	0	0	0.118	0.058	0	0.690	0.720
C4A	C8B	9606.ENSP00000396688	9606.ENSP00000360281	0	0	0	0	0.108	0.105	0	0.681	0.723
C4A	MBL2	9606.ENSP00000396688	9606.ENSP00000363079	0	0	0	0	0.103	0	0.900	0.720	0.972
C4A	PROS1	9606.ENSP00000396688	9606.ENSP00000377783	0	0	0	0	0.089	0	0	0.899	0.904
C4A	CFI	9606.ENSP00000396688	9606.ENSP00000378130	0	0	0	0	0.132	0.134	0.600	0.715	0.902
C4A	MASP2	9606.ENSP00000396688	9606.ENSP00000383690	0	0	0	0	0.105	0.654	0.900	0.749	0.991
C4A	IGLL5	9606.ENSP00000396688	9606.ENSP00000431254	0	0	0	0	0	0	0.900	0.066	0.902
C4A	CFB	9606.ENSP00000396688	9606.ENSP00000416561	0	0	0	0	0.310	0.134	0.600	0.700	0.919
C4A	COLEC11	9606.ENSP00000396688	9606.ENSP00000411770	0	0	0	0	0.065	0	0.900	0.527	0.951
C4A	C4B	9606.ENSP00000396688	9606.ENSP00000415941	0	0	0	0.988	0.771	0.270	0.800	0.988	0.964
C4B	C5	9606.ENSP00000415941	9606.ENSP00000223642	0	0	0	0.691	0.063	0	0.900	0.906	0.929
C4B	C4BPB	9606.ENSP00000415941	9606.ENSP00000243611	0	0	0	0	0	0	0.800	0.728	0.943
C4B	CFP	9606.ENSP00000415941	9606.ENSP00000247153	0	0	0	0	0.062	0	0	0.762	0.768
C4B	FCN3	9606.ENSP00000415941	9606.ENSP00000270879	0	0	0	0	0.087	0	0.900	0.610	0.961
C4B	SERPING1	9606.ENSP00000415941	9606.ENSP00000278407	0	0	0	0	0.160	0	0	0.700	0.738
C4B	FCN2	9606.ENSP00000415941	9606.ENSP00000291744	0	0	0	0	0.083	0	0.900	0.670	0.967
C4B	MASP1	9606.ENSP00000415941	9606.ENSP00000296280	0	0	0	0	0.082	0.388	0.900	0.862	0.991
C4B	C8A	9606.ENSP00000415941	9606.ENSP00000354458	0	0	0	0	0.116	0.078	0	0.934	0.942
C4B	C4BPA	9606.ENSP00000415941	9606.ENSP00000356037	0	0	0	0	0.089	0.213	0.800	0.724	0.955
C4B	CFH	9606.ENSP00000415941	9606.ENSP00000356399	0	0	0	0	0.108	0.058	0	0.710	0.736
C4B	C8B	9606.ENSP00000415941	9606.ENSP00000360281	0	0	0	0	0.098	0.105	0	0.683	0.722
C4B	MBL2	9606.ENSP00000415941	9606.ENSP00000363079	0	0	0	0	0.099	0	0.900	0.734	0.973
C4B	PROS1	9606.ENSP00000415941	9606.ENSP00000377783	0	0	0	0	0.083	0	0	0.977	0.978
C4B	CFI	9606.ENSP00000415941	9606.ENSP00000378130	0	0	0	0	0.127	0.134	0.600	0.715	0.902
C4B	MASP2	9606.ENSP00000415941	9606.ENSP00000383690	0	0	0	0	0.105	0.526	0.900	0.707	0.985
C4B	COLEC11	9606.ENSP00000415941	9606.ENSP00000411770	0	0	0	0	0.065	0	0.900	0.528	0.952
C4B	IGLL5	9606.ENSP00000415941	9606.ENSP00000431254	0	0	0	0	0	0	0.900	0.118	0.908
C4B	CFB	9606.ENSP00000415941	9606.ENSP00000416561	0	0	0	0	0.231	0.289	0.600	0.700	0.925
C4BPA	C4BPB	9606.ENSP00000356037	9606.ENSP00000243611	0	0	0	0.642	0.148	0	0.800	0.786	0.871
C4BPA	CRP	9606.ENSP00000356037	9606.ENSP00000255030	0	0	0	0	0.109	0.417	0	0.597	0.773
C4BPA	CFI	9606.ENSP00000356037	9606.ENSP00000378130	0	0	0	0	0.139	0	0.600	0.453	0.795
C4BPA	PROS1	9606.ENSP00000356037	9606.ENSP00000377783	0	0	0	0	0.062	0.213	0.600	0.779	0.926
C4BPB	CFI	9606.ENSP00000243611	9606.ENSP00000378130	0	0	0	0	0.063	0	0.600	0.431	0.768
C4BPB	PROS1	9606.ENSP00000243611	9606.ENSP00000377783	0	0	0	0	0	0.677	0.600	0.417	0.918
C5	CPB2	9606.ENSP00000223642	9606.ENSP00000181383	0	0	0	0	0.250	0.270	0.900	0.355	0.959
C5	VTN	9606.ENSP00000223642	9606.ENSP00000226218	0	0	0	0	0.097	0	0.600	0.324	0.734
C5	CPN2	9606.ENSP00000223642	9606.ENSP00000319464	0	0	0	0	0.064	0.105	0.900	0.049	0.909
C5	CPN1	9606.ENSP00000223642	9606.ENSP00000359446	0	0	0	0	0.086	0.213	0.900	0.325	0.944
C5	F2	9606.ENSP00000223642	9606.ENSP00000308541	0	0	0	0	0.160	0.134	0.900	0.344	0.945
C5	CFP	9606.ENSP00000223642	9606.ENSP00000247153	0	0	0	0	0.055	0	0.900	0.528	0.951
C5	CFB	9606.ENSP00000223642	9606.ENSP00000416561	0	0	0	0	0.065	0.134	0.900	0.586	0.962
C5	C8G	9606.ENSP00000223642	9606.ENSP00000224181	0	0	0	0	0.064	0.958	0.800	0.392	0.994
C5	C7	9606.ENSP00000223642	9606.ENSP00000322061	0	0	0	0	0.062	0.974	0.900	0.574	0.998
C5	C9	9606.ENSP00000223642	9606.ENSP00000263408	0	0	0	0	0.102	0.961	0.900	0.536	0.998
C5	C6	9606.ENSP00000223642	9606.ENSP00000263413	0	0	0	0	0.112	0.973	0.900	0.461	0.998
C5	C8B	9606.ENSP00000223642	9606.ENSP00000360281	0	0	0	0	0.099	0.976	0.900	0.841	0.999
C5	C8A	9606.ENSP00000223642	9606.ENSP00000354458	0	0	0	0	0.165	0.961	0.900	0.815	0.999
C6	CPB2	9606.ENSP00000263413	9606.ENSP00000181383	0	0	0	0	0.639	0	0	0.210	0.702
C6	C8G	9606.ENSP00000263413	9606.ENSP00000224181	0	0	0	0	0.064	0.947	0.900	0.319	0.996
C6	CFP	9606.ENSP00000263413	9606.ENSP00000247153	0	0	0	0	0	0	0.900	0.272	0.924
C6	C9	9606.ENSP00000263413	9606.ENSP00000263408	0	0	0	0.733	0.172	0.947	0.900	0.645	0.996
C6	C7	9606.ENSP00000263413	9606.ENSP00000322061	0	0	0	0.811	0.173	0.947	0.900	0.623	0.995
C6	C8B	9606.ENSP00000263413	9606.ENSP00000360281	0	0	0	0.785	0.325	0.947	0.900	0.357	0.996
C6	C8A	9606.ENSP00000263413	9606.ENSP00000354458	0	0	0	0.812	0.570	0.947	0.900	0.358	0.997
C7	C8G	9606.ENSP00000322061	9606.ENSP00000224181	0	0	0	0	0.065	0.800	0.900	0.341	0.986
C7	CFP	9606.ENSP00000322061	9606.ENSP00000247153	0	0	0	0	0	0	0.900	0.241	0.920
C7	C9	9606.ENSP00000322061	9606.ENSP00000263408	0	0	0	0.723	0	0.800	0.900	0.550	0.982
C7	CLU	9606.ENSP00000322061	9606.ENSP00000315130	0	0	0	0	0	0.270	0.600	0.271	0.768
C7	C8B	9606.ENSP00000322061	9606.ENSP00000360281	0	0	0	0.740	0.062	0.800	0.900	0.436	0.981
C7	C8A	9606.ENSP00000322061	9606.ENSP00000354458	0	0	0	0.775	0.065	0.800	0.900	0.370	0.981
C8A	CPB2	9606.ENSP00000354458	9606.ENSP00000181383	0	0	0	0	0.668	0	0	0.356	0.777
C8A	F9	9606.ENSP00000354458	9606.ENSP00000218099	0	0	0	0	0.669	0	0	0.145	0.705
C8A	C8G	9606.ENSP00000354458	9606.ENSP00000224181	0	0	0	0	0.163	0.850	0.900	0.838	0.997
C8A	VTN	9606.ENSP00000354458	9606.ENSP00000226218	0	0	0	0	0.298	0.060	0.600	0.245	0.774
C8A	C9	9606.ENSP00000354458	9606.ENSP00000263408	0	0	0	0.781	0.342	0.899	0.900	0.642	0.993
C8A	FGB	9606.ENSP00000354458	9606.ENSP00000306099	0	0	0	0	0.703	0	0	0.365	0.804
C8A	FGA	9606.ENSP00000354458	9606.ENSP00000306361	0	0	0	0	0.726	0	0	0.365	0.818
C8A	CLU	9606.ENSP00000354458	9606.ENSP00000315130	0	0	0	0	0	0	0.600	0.284	0.701
C8A	FGG	9606.ENSP00000354458	9606.ENSP00000336829	0	0	0	0	0.734	0	0	0.338	0.816
C8A	ITIH2	9606.ENSP00000354458	9606.ENSP00000351190	0	0	0	0	0.712	0	0	0.233	0.770
C8A	F13B	9606.ENSP00000354458	9606.ENSP00000356382	0	0	0	0	0.671	0	0	0.168	0.715
C8A	MBL2	9606.ENSP00000354458	9606.ENSP00000363079	0	0	0	0	0.627	0	0	0.294	0.726
C8A	SERPINC1	9606.ENSP00000354458	9606.ENSP00000356671	0	0	0	0	0.696	0	0	0.202	0.747
C8A	C8B	9606.ENSP00000354458	9606.ENSP00000360281	0	0	0	0.836	0.780	0.848	0.900	0.975	0.996
C8B	CPB2	9606.ENSP00000360281	9606.ENSP00000181383	0	0	0	0	0.716	0	0	0.567	0.871
C8B	C8G	9606.ENSP00000360281	9606.ENSP00000224181	0	0	0	0	0.176	0.803	0.900	0.885	0.997
C8B	VTN	9606.ENSP00000360281	9606.ENSP00000226218	0	0	0	0	0.288	0.066	0.600	0.327	0.797
C8B	C9	9606.ENSP00000360281	9606.ENSP00000263408	0	0	0	0.739	0.532	0.816	0.900	0.537	0.991
C8B	CLU	9606.ENSP00000360281	9606.ENSP00000315130	0	0	0	0	0	0.270	0.600	0.336	0.789
C8G	C9	9606.ENSP00000224181	9606.ENSP00000263408	0	0	0	0	0.174	0.800	0.900	0.413	0.989
C9	VTN	9606.ENSP00000263408	9606.ENSP00000226218	0	0	0	0	0.247	0	0.600	0.554	0.854
C9	CP	9606.ENSP00000263408	9606.ENSP00000264613	0	0	0	0	0.519	0	0	0.503	0.750
C9	PLG	9606.ENSP00000263408	9606.ENSP00000308938	0	0	0	0	0.664	0.069	0	0.297	0.761
C9	LPA	9606.ENSP00000263408	9606.ENSP00000321334	0	0	0	0	0.682	0.069	0	0.328	0.784
C9	SERPINC1	9606.ENSP00000263408	9606.ENSP00000356671	0	0	0	0	0.763	0	0	0.334	0.835
C9	CLU	9606.ENSP00000263408	9606.ENSP00000315130	0	0	0	0	0.062	0.315	0.600	0.489	0.851
C9	FGA	9606.ENSP00000263408	9606.ENSP00000306361	0	0	0	0	0.922	0	0	0.316	0.944
C9	FGG	9606.ENSP00000263408	9606.ENSP00000336829	0	0	0	0	0.921	0	0	0.330	0.945
C9	FGB	9606.ENSP00000263408	9606.ENSP00000306099	0	0	0	0	0.923	0	0	0.358	0.949
CAT	GAPDH	9606.ENSP00000241052	9606.ENSP00000229239	0	0	0	0	0.065	0	0	0.753	0.759
CAT	PRDX2	9606.ENSP00000241052	9606.ENSP00000301522	0.051	0	0	0	0.268	0.436	0	0.797	0.910
CAT	GPX3	9606.ENSP00000241052	9606.ENSP00000373477	0	0	0	0	0.142	0.349	0	0.865	0.918
CFB	CFP	9606.ENSP00000416561	9606.ENSP00000247153	0	0	0	0	0.062	0.887	0	0.768	0.973
CFB	SERPING1	9606.ENSP00000416561	9606.ENSP00000278407	0	0	0	0	0.132	0.120	0	0.672	0.728
CFB	CFH	9606.ENSP00000416561	9606.ENSP00000356399	0	0	0	0.543	0.158	0.297	0.800	0.884	0.923
CFB	CFI	9606.ENSP00000416561	9606.ENSP00000378130	0	0	0	0	0.133	0	0.650	0.833	0.944
CFH	CFP	9606.ENSP00000356399	9606.ENSP00000247153	0	0	0	0	0	0	0	0.725	0.725
CFH	CRP	9606.ENSP00000356399	9606.ENSP00000255030	0	0	0	0	0.062	0.905	0	0.989	0.998
CFH	VWF	9606.ENSP00000356399	9606.ENSP00000261405	0	0	0	0	0.244	0	0	0.805	0.846
CFH	EFEMP1	9606.ENSP00000356399	9606.ENSP00000378058	0	0	0	0	0.123	0	0	0.716	0.741
CFH	CFI	9606.ENSP00000356399	9606.ENSP00000378130	0	0	0	0	0.120	0.870	0.600	0.930	0.996
CFI	CFP	9606.ENSP00000378130	9606.ENSP00000247153	0	0	0	0	0	0	0	0.704	0.704
CFP	MBL2	9606.ENSP00000247153	9606.ENSP00000363079	0	0	0	0	0.053	0.062	0	0.739	0.747
CLU	PON1	9606.ENSP00000315130	9606.ENSP00000222381	0	0	0	0	0.062	0.270	0.720	0.675	0.929
CLU	VTN	9606.ENSP00000315130	9606.ENSP00000226218	0	0	0	0	0.063	0	0	0.940	0.942
CLU	TTR	9606.ENSP00000315130	9606.ENSP00000237014	0	0	0	0	0.111	0.500	0	0.639	0.826
CLU	SAA4	9606.ENSP00000315130	9606.ENSP00000278222	0	0	0	0	0	0	0.540	0.391	0.707
CLU	SAA1	9606.ENSP00000315130	9606.ENSP00000384906	0	0	0	0	0	0	0.540	0.390	0.707
CLU	HPR	9606.ENSP00000315130	9606.ENSP00000441828	0	0	0	0	0.069	0.150	0.720	0.282	0.819
CLU	LPA	9606.ENSP00000315130	9606.ENSP00000321334	0	0	0	0	0.062	0.058	0.720	0.530	0.868
CLU	HP	9606.ENSP00000315130	9606.ENSP00000348170	0	0	0	0	0	0.150	0.720	0.631	0.904
CLU	PLTP	9606.ENSP00000315130	9606.ENSP00000417138	0	0	0	0	0.082	0	0.720	0.835	0.954
COLEC11	FCN3	9606.ENSP00000411770	9606.ENSP00000270879	0	0	0	0	0	0.158	0.500	0.733	0.877
COLEC11	FCN2	9606.ENSP00000411770	9606.ENSP00000291744	0	0	0	0.586	0.062	0.158	0.500	0.746	0.701
COLEC11	MASP1	9606.ENSP00000411770	9606.ENSP00000296280	0	0	0	0	0.071	0	0.500	0.927	0.963
COLEC11	MASP2	9606.ENSP00000411770	9606.ENSP00000383690	0	0	0	0	0.089	0	0.500	0.858	0.930
CP	TTR	9606.ENSP00000264613	9606.ENSP00000237014	0	0	0	0	0.116	0	0	0.687	0.711
CP	CRP	9606.ENSP00000264613	9606.ENSP00000255030	0	0	0	0	0.086	0	0	0.706	0.719
CP	HPX	9606.ENSP00000264613	9606.ENSP00000265983	0	0	0	0	0.067	0	0	0.716	0.723
CP	SERPINA1	9606.ENSP00000264613	9606.ENSP00000416066	0	0	0	0	0.118	0	0	0.845	0.857
CP	HP	9606.ENSP00000264613	9606.ENSP00000348170	0	0	0	0	0.093	0	0	0.893	0.899
CPB2	SPP2	9606.ENSP00000181383	9606.ENSP00000168148	0	0	0	0	0.550	0	0	0.430	0.732
CPB2	TTR	9606.ENSP00000181383	9606.ENSP00000237014	0	0	0	0	0.662	0	0	0.160	0.704
CPB2	KLKB1	9606.ENSP00000181383	9606.ENSP00000264690	0	0	0	0	0.488	0.139	0	0.392	0.708
CPB2	F12	9606.ENSP00000181383	9606.ENSP00000253496	0	0	0	0	0.471	0.139	0	0.431	0.718
CPB2	HRG	9606.ENSP00000181383	9606.ENSP00000232003	0	0	0	0	0.663	0	0	0.210	0.722
CPB2	SERPINA10	9606.ENSP00000181383	9606.ENSP00000261994	0	0	0	0	0.649	0	0	0.239	0.722
CPB2	F13B	9606.ENSP00000181383	9606.ENSP00000356382	0	0	0	0	0.654	0	0	0.287	0.743
CPB2	FGB	9606.ENSP00000181383	9606.ENSP00000306099	0	0	0	0	0.671	0	0	0.303	0.761
CPB2	GC	9606.ENSP00000181383	9606.ENSP00000421725	0	0	0	0	0.751	0	0	0.157	0.781
CPB2	SERPIND1	9606.ENSP00000181383	9606.ENSP00000215727	0	0	0	0	0.570	0	0	0.547	0.797
CPB2	ITIH2	9606.ENSP00000181383	9606.ENSP00000351190	0	0	0	0	0.770	0	0	0.223	0.813
CPB2	CPN1	9606.ENSP00000181383	9606.ENSP00000359446	0	0	0	0	0.233	0	0.500	0.568	0.820
CPB2	SERPINF2	9606.ENSP00000181383	9606.ENSP00000321853	0	0	0	0	0.212	0	0	0.801	0.836
CPB2	F9	9606.ENSP00000181383	9606.ENSP00000218099	0	0	0	0	0.690	0.100	0	0.518	0.854
CPB2	FGG	9606.ENSP00000181383	9606.ENSP00000336829	0	0	0	0	0.760	0	0	0.417	0.854
CPB2	F11	9606.ENSP00000181383	9606.ENSP00000384957	0	0	0	0	0.579	0.139	0	0.666	0.868
CPB2	FGA	9606.ENSP00000181383	9606.ENSP00000306361	0	0	0	0	0.806	0	0	0.498	0.898
CPB2	SERPINC1	9606.ENSP00000181383	9606.ENSP00000356671	0	0	0	0	0.776	0	0	0.757	0.943
CPB2	PLG	9606.ENSP00000181383	9606.ENSP00000308938	0	0	0	0	0.306	0.314	0	0.945	0.971
CPB2	F2	9606.ENSP00000181383	9606.ENSP00000308541	0	0	0	0	0.602	0.495	0.900	0.797	0.995
CPN1	KNG1	9606.ENSP00000359446	9606.ENSP00000265023	0	0	0	0	0.112	0.213	0	0.708	0.778
CPN1	CPN2	9606.ENSP00000359446	9606.ENSP00000319464	0	0	0	0	0.087	0.263	0.800	0.909	0.986
CRP	LBP	9606.ENSP00000255030	9606.ENSP00000217407	0	0	0	0	0.153	0	0	0.687	0.723
CRP	TTR	9606.ENSP00000255030	9606.ENSP00000237014	0	0	0	0	0.109	0	0	0.760	0.777
CRP	LPA	9606.ENSP00000255030	9606.ENSP00000321334	0	0	0	0	0.195	0	0	0.674	0.727
CRP	RBP4	9606.ENSP00000255030	9606.ENSP00000360522	0	0	0	0	0.091	0	0	0.714	0.729
CRP	SAA1	9606.ENSP00000255030	9606.ENSP00000384906	0	0	0	0	0.097	0	0	0.720	0.736
CRP	MBL2	9606.ENSP00000255030	9606.ENSP00000363079	0	0	0	0	0.340	0	0	0.626	0.743
CRP	SERPINA1	9606.ENSP00000255030	9606.ENSP00000416066	0	0	0	0	0.085	0	0	0.738	0.750
CRP	VWF	9606.ENSP00000255030	9606.ENSP00000261405	0	0	0	0	0	0	0	0.760	0.760
CRP	SHBG	9606.ENSP00000255030	9606.ENSP00000369816	0	0	0	0	0.168	0	0	0.732	0.767
CRP	SERPINC1	9606.ENSP00000255030	9606.ENSP00000356671	0	0	0	0	0.179	0	0	0.734	0.772
CRP	PLG	9606.ENSP00000255030	9606.ENSP00000308938	0	0	0	0	0.167	0	0	0.756	0.788
CRP	HP	9606.ENSP00000255030	9606.ENSP00000348170	0	0	0	0	0.090	0	0	0.858	0.865
CRP	F2	9606.ENSP00000255030	9606.ENSP00000308541	0	0	0	0	0.153	0	0	0.856	0.872
CRP	IGLL5	9606.ENSP00000255030	9606.ENSP00000431254	0	0	0	0	0	0	0.900	0	0.900
CRP	FN1	9606.ENSP00000255030	9606.ENSP00000346839	0	0	0	0	0	0.270	0	0.949	0.961
CRP	FCN2	9606.ENSP00000255030	9606.ENSP00000291744	0	0	0	0	0.088	0.270	0	0.973	0.981
ECM1	EFEMP1	9606.ENSP00000358045	9606.ENSP00000378058	0	0	0	0	0.089	0.078	0	0.691	0.718
EFEMP1	VTN	9606.ENSP00000378058	9606.ENSP00000226218	0	0	0	0	0.062	0.061	0.600	0.294	0.718
EFEMP1	FBLN1	9606.ENSP00000378058	9606.ENSP00000331544	0	0	0	0.720	0.161	0.130	0.650	0.696	0.775
F11	SERPIND1	9606.ENSP00000384957	9606.ENSP00000215727	0	0	0	0	0.200	0.120	0.900	0.472	0.957
F11	F9	9606.ENSP00000384957	9606.ENSP00000218099	0	0	0.392	0.699	0.533	0	0.900	0.936	0.968
F11	F12	9606.ENSP00000384957	9606.ENSP00000253496	0	0	0.296	0.643	0.390	0.056	0.900	0.934	0.962
F11	SERPINA10	9606.ENSP00000384957	9606.ENSP00000261994	0	0	0	0	0.491	0.330	0	0.323	0.749
F11	KNG1	9606.ENSP00000384957	9606.ENSP00000265023	0	0	0	0	0.131	0.473	0.650	0.988	0.997
F11	FGA	9606.ENSP00000384957	9606.ENSP00000306361	0	0	0	0	0.634	0.056	0	0.270	0.725
F11	F2	9606.ENSP00000384957	9606.ENSP00000308541	0	0	0.282	0.611	0.306	0.213	0.900	0.802	0.962
F11	SERPINF2	9606.ENSP00000384957	9606.ENSP00000321853	0	0	0	0	0.197	0.277	0	0.556	0.720
F11	SERPINA5	9606.ENSP00000384957	9606.ENSP00000333203	0	0	0	0	0.213	0.330	0.900	0.229	0.953
F11	FGG	9606.ENSP00000384957	9606.ENSP00000336829	0	0	0	0	0.618	0.056	0	0.414	0.770
F11	SERPINC1	9606.ENSP00000384957	9606.ENSP00000356671	0	0	0	0	0.560	0.120	0.900	0.760	0.989
F12	F9	9606.ENSP00000253496	9606.ENSP00000218099	0	0	0.422	0.691	0.509	0.056	0.650	0.567	0.871
F12	PLG	9606.ENSP00000253496	9606.ENSP00000308938	0	0	0	0.696	0.185	0.056	0.800	0.655	0.865
F12	F2	9606.ENSP00000253496	9606.ENSP00000308541	0	0	0.350	0.599	0.188	0.056	0.900	0.734	0.948
F12	SERPINC1	9606.ENSP00000253496	9606.ENSP00000356671	0	0	0	0	0.500	0.120	0.800	0.636	0.963
F12	KLKB1	9606.ENSP00000253496	9606.ENSP00000264690	0	0	0.357	0.637	0.390	0.225	0.900	0.910	0.969
F12	SERPING1	9606.ENSP00000253496	9606.ENSP00000278407	0	0	0	0	0.063	0.120	0.900	0.793	0.980
F12	KNG1	9606.ENSP00000253496	9606.ENSP00000265023	0	0	0	0	0.101	0.307	0.900	0.956	0.996
F13A1	SERPIND1	9606.ENSP00000264870	9606.ENSP00000215727	0	0	0	0	0	0.056	0.900	0.195	0.917
F13A1	FGB	9606.ENSP00000264870	9606.ENSP00000306099	0	0	0	0	0	0.061	0.500	0.584	0.788
F13A1	FGG	9606.ENSP00000264870	9606.ENSP00000336829	0	0	0	0	0	0.468	0.500	0.548	0.869
F13A1	SERPINA5	9606.ENSP00000264870	9606.ENSP00000333203	0	0	0	0	0	0.056	0.900	0.181	0.915
F13A1	SERPINC1	9606.ENSP00000264870	9606.ENSP00000356671	0	0	0	0	0	0.056	0.900	0.333	0.931
F13A1	FGA	9606.ENSP00000264870	9606.ENSP00000306361	0	0	0	0	0	0.677	0.500	0.623	0.934
F13A1	F2	9606.ENSP00000264870	9606.ENSP00000308541	0	0	0	0	0	0.213	0.900	0.442	0.952
F13A1	F13B	9606.ENSP00000264870	9606.ENSP00000356382	0	0	0	0	0	0.596	0.800	0.803	0.982
F13B	SERPIND1	9606.ENSP00000356382	9606.ENSP00000215727	0	0	0	0	0.146	0	0.900	0.310	0.935
F13B	F9	9606.ENSP00000356382	9606.ENSP00000218099	0	0	0	0	0.659	0	0	0.269	0.740
F13B	FGB	9606.ENSP00000356382	9606.ENSP00000306099	0	0	0	0	0.634	0.317	0.900	0.554	0.987
F13B	FGA	9606.ENSP00000356382	9606.ENSP00000306361	0	0	0	0	0.686	0.373	0.900	0.636	0.991
F13B	F2	9606.ENSP00000356382	9606.ENSP00000308541	0	0	0	0	0.304	0	0.900	0.366	0.952
F13B	SERPINA5	9606.ENSP00000356382	9606.ENSP00000333203	0	0	0	0	0.137	0	0.900	0.273	0.931
F13B	FGG	9606.ENSP00000356382	9606.ENSP00000336829	0	0	0	0	0.421	0.596	0.900	0.529	0.987
F13B	F5	9606.ENSP00000356382	9606.ENSP00000356771	0	0	0	0	0.088	0	0.650	0.181	0.715
F13B	GC	9606.ENSP00000356382	9606.ENSP00000421725	0	0	0	0	0.674	0	0	0.180	0.721
F13B	SERPINC1	9606.ENSP00000356382	9606.ENSP00000356671	0	0	0	0	0.646	0	0.900	0.460	0.979
F2	SERPIND1	9606.ENSP00000308541	9606.ENSP00000215727	0	0	0	0	0.606	0.937	0.800	0.885	0.999
F2	F9	9606.ENSP00000308541	9606.ENSP00000218099	0	0	0.408	0.727	0.251	0.213	0.650	0.914	0.849
F2	VTN	9606.ENSP00000308541	9606.ENSP00000226218	0	0	0	0	0.330	0	0	0.598	0.719
F2	ORM1	9606.ENSP00000308541	9606.ENSP00000259396	0	0	0	0	0.566	0	0	0.346	0.704
F2	VWF	9606.ENSP00000308541	9606.ENSP00000261405	0	0	0	0	0	0	0.600	0.958	0.982
F2	ITGA2B	9606.ENSP00000308541	9606.ENSP00000262407	0	0	0	0	0.048	0.270	0	0.778	0.832
F2	KNG1	9606.ENSP00000308541	9606.ENSP00000265023	0	0	0	0	0.217	0.225	0.500	0.601	0.862
F2	FGB	9606.ENSP00000308541	9606.ENSP00000306099	0	0	0	0	0.612	0.803	0.900	0.666	0.997
F2	FGA	9606.ENSP00000308541	9606.ENSP00000306361	0	0	0	0	0.801	0.960	0.900	0.621	0.999
F2	ITIH3	9606.ENSP00000308541	9606.ENSP00000415769	0	0	0	0	0.699	0.056	0	0.098	0.722
F2	SERPINA1	9606.ENSP00000308541	9606.ENSP00000416066	0	0	0	0	0.226	0.120	0	0.636	0.730
F2	SERPINA7	9606.ENSP00000308541	9606.ENSP00000329374	0	0	0	0	0.689	0.120	0	0.233	0.772
F2	ITIH2	9606.ENSP00000308541	9606.ENSP00000351190	0	0	0	0	0.768	0.056	0	0.096	0.785
F2	FN1	9606.ENSP00000308541	9606.ENSP00000346839	0	0	0	0	0.076	0.270	0	0.743	0.811
F2	SERPINF2	9606.ENSP00000308541	9606.ENSP00000321853	0	0	0	0	0.389	0.120	0	0.802	0.884
F2	IGFALS	9606.ENSP00000308541	9606.ENSP00000416683	0	0	0	0	0.108	0.056	0.900	0.113	0.915
F2	PROS1	9606.ENSP00000308541	9606.ENSP00000377783	0	0	0	0.561	0.062	0.213	0.900	0.459	0.935
F2	F5	9606.ENSP00000308541	9606.ENSP00000356771	0	0	0	0	0.156	0.478	0.900	0.805	0.990
F2	SERPINA5	9606.ENSP00000308541	9606.ENSP00000333203	0	0	0	0	0.245	0.937	0.800	0.447	0.994
F2	FGG	9606.ENSP00000308541	9606.ENSP00000336829	0	0	0	0	0.810	0.803	0.900	0.668	0.998
F2	SERPINC1	9606.ENSP00000308541	9606.ENSP00000356671	0	0	0	0	0.813	0.937	0.900	0.968	0.999
F5	SERPIND1	9606.ENSP00000356771	9606.ENSP00000215727	0	0	0	0	0.133	0.113	0.900	0.282	0.937
F5	SERPINA5	9606.ENSP00000356771	9606.ENSP00000333203	0	0	0	0	0.077	0.164	0.900	0.150	0.925
F5	FGG	9606.ENSP00000356771	9606.ENSP00000336829	0	0	0	0	0.164	0	0.500	0.391	0.723
F5	SERPINC1	9606.ENSP00000356771	9606.ENSP00000356671	0	0	0	0	0.141	0.113	0.900	0.686	0.972
F5	PROS1	9606.ENSP00000356771	9606.ENSP00000377783	0	0	0	0	0.063	0.486	0.900	0.501	0.972
F9	FGG	9606.ENSP00000218099	9606.ENSP00000336829	0	0	0	0	0.553	0.056	0	0.363	0.708
F9	HABP2	9606.ENSP00000218099	9606.ENSP00000277903	0	0	0.445	0.689	0.644	0.056	0	0.193	0.710
F9	SERPINA10	9606.ENSP00000218099	9606.ENSP00000261994	0	0	0	0	0.552	0.120	0	0.402	0.744
F9	FGA	9606.ENSP00000218099	9606.ENSP00000306361	0	0	0	0	0.600	0.056	0	0.395	0.752
F9	VWF	9606.ENSP00000218099	9606.ENSP00000261405	0	0	0	0	0.055	0	0.650	0.906	0.966
F9	SERPINC1	9606.ENSP00000218099	9606.ENSP00000356671	0	0	0	0	0.645	0.933	0.900	0.947	0.999
FBLN1	VTN	9606.ENSP00000331544	9606.ENSP00000226218	0	0	0	0	0	0.061	0.600	0.392	0.751
FBLN1	FN1	9606.ENSP00000331544	9606.ENSP00000346839	0	0	0	0	0.157	0.314	0	0.986	0.991
FCN2	MBL2	9606.ENSP00000291744	9606.ENSP00000363079	0	0	0	0	0.114	0.359	0.500	0.959	0.987
FCN2	MASP1	9606.ENSP00000291744	9606.ENSP00000296280	0	0	0	0	0.049	0.281	0.500	0.988	0.995
FCN2	MASP2	9606.ENSP00000291744	9606.ENSP00000383690	0	0	0	0	0.062	0.622	0.500	0.981	0.996
FCN3	MBL2	9606.ENSP00000270879	9606.ENSP00000363079	0	0	0	0	0	0.158	0.500	0.870	0.940
FCN3	MASP2	9606.ENSP00000270879	9606.ENSP00000383690	0	0	0	0	0	0.056	0.500	0.951	0.975
FCN3	MASP1	9606.ENSP00000270879	9606.ENSP00000296280	0	0	0	0	0	0.056	0.500	0.961	0.980
FERMT3	ITGA2B	9606.ENSP00000279227	9606.ENSP00000262407	0	0	0	0	0.062	0	0.800	0.399	0.877
FERMT3	ITGB3	9606.ENSP00000279227	9606.ENSP00000452786	0	0	0	0	0.116	0.374	0.800	0.650	0.956
FGA	SPP2	9606.ENSP00000306361	9606.ENSP00000168148	0	0	0	0	0.773	0	0	0.378	0.852
FGA	SERPIND1	9606.ENSP00000306361	9606.ENSP00000215727	0	0	0	0	0.613	0.062	0.900	0.471	0.978
FGA	HRG	9606.ENSP00000306361	9606.ENSP00000232003	0	0	0	0	0.798	0.304	0	0.487	0.921
FGA	TTR	9606.ENSP00000306361	9606.ENSP00000237014	0	0	0	0	0.679	0	0.300	0.405	0.854
FGA	ORM1	9606.ENSP00000306361	9606.ENSP00000259396	0	0	0	0	0.488	0	0	0.465	0.714
FGA	VWF	9606.ENSP00000306361	9606.ENSP00000261405	0	0	0	0	0	0	0.500	0.435	0.705
FGA	SERPINA10	9606.ENSP00000306361	9606.ENSP00000261994	0	0	0	0	0.662	0.062	0	0.402	0.793
FGA	ITGA2B	9606.ENSP00000306361	9606.ENSP00000262407	0	0	0	0	0.062	0.225	0.900	0.192	0.933
FGA	KNG1	9606.ENSP00000306361	9606.ENSP00000265023	0	0	0	0	0.295	0.368	0	0.428	0.723
FGA	HPX	9606.ENSP00000306361	9606.ENSP00000265983	0	0	0	0	0.744	0.258	0	0.268	0.849
FGA	HABP2	9606.ENSP00000306361	9606.ENSP00000277903	0	0	0	0	0.664	0.109	0	0.657	0.888
FGA	FGB	9606.ENSP00000306361	9606.ENSP00000306099	0	0	0	0.744	0.991	0.986	0.900	0.961	0.999
FGA	ORM2	9606.ENSP00000306361	9606.ENSP00000394936	0	0	0	0	0.583	0	0	0.362	0.723
FGA	LPA	9606.ENSP00000306361	9606.ENSP00000321334	0	0	0	0	0.663	0.233	0	0.186	0.771
FGA	SERPINA7	9606.ENSP00000306361	9606.ENSP00000329374	0	0	0	0	0.728	0.102	0	0.159	0.777
FGA	ITIH3	9606.ENSP00000306361	9606.ENSP00000415769	0	0	0	0	0.732	0	0	0.269	0.795
FGA	PLG	9606.ENSP00000306361	9606.ENSP00000308938	0	0	0	0	0.653	0.233	0	0.444	0.839
FGA	ITIH2	9606.ENSP00000306361	9606.ENSP00000351190	0	0	0	0	0.837	0	0	0.149	0.856
FGA	GC	9606.ENSP00000306361	9606.ENSP00000421725	0	0	0	0	0.834	0.058	0	0.179	0.860
FGA	FN1	9606.ENSP00000306361	9606.ENSP00000346839	0	0	0	0	0.088	0.444	0.720	0.353	0.895
FGA	SERPINF2	9606.ENSP00000306361	9606.ENSP00000321853	0	0	0	0	0.434	0.230	0.720	0.393	0.916
FGA	ITGB3	9606.ENSP00000306361	9606.ENSP00000452786	0	0	0	0	0.062	0.225	0.900	0.413	0.951
FGA	SERPINA5	9606.ENSP00000306361	9606.ENSP00000333203	0	0	0	0	0.373	0.230	0.900	0.262	0.959
FGA	SERPINC1	9606.ENSP00000306361	9606.ENSP00000356671	0	0	0	0	0.925	0.259	0.900	0.543	0.997
FGA	FGG	9606.ENSP00000306361	9606.ENSP00000336829	0	0	0	0.764	0.993	0.986	0.900	0.961	0.999
FGB	SERPIND1	9606.ENSP00000306099	9606.ENSP00000215727	0	0	0	0	0.421	0.062	0.900	0.538	0.971
FGB	HRG	9606.ENSP00000306099	9606.ENSP00000232003	0	0	0	0	0.650	0.086	0	0.540	0.839
FGB	ITGA2B	9606.ENSP00000306099	9606.ENSP00000262407	0	0	0	0	0.062	0.056	0.900	0.252	0.924
FGB	KNG1	9606.ENSP00000306099	9606.ENSP00000265023	0	0	0	0	0.317	0.386	0	0.392	0.723
FGB	HABP2	9606.ENSP00000306099	9606.ENSP00000277903	0	0	0	0	0.233	0.109	0	0.740	0.807
FGB	ITIH2	9606.ENSP00000306099	9606.ENSP00000351190	0	0	0	0	0.793	0	0	0	0.793
FGB	PLG	9606.ENSP00000306099	9606.ENSP00000308938	0	0	0	0	0.662	0.251	0	0.430	0.843
FGB	LPA	9606.ENSP00000306099	9606.ENSP00000321334	0	0	0	0	0.664	0.429	0	0.259	0.845
FGB	SERPINF2	9606.ENSP00000306099	9606.ENSP00000321853	0	0	0	0	0.383	0.062	0.720	0.323	0.875
FGB	GC	9606.ENSP00000306099	9606.ENSP00000421725	0	0	0	0	0.836	0.058	0	0.256	0.875
FGB	FN1	9606.ENSP00000306099	9606.ENSP00000346839	0	0	0	0	0.083	0.449	0.720	0.310	0.889
FGB	ITGB3	9606.ENSP00000306099	9606.ENSP00000452786	0	0	0	0	0.065	0.056	0.900	0.405	0.940
FGB	SERPINA5	9606.ENSP00000306099	9606.ENSP00000333203	0	0	0	0	0.356	0.230	0.900	0.165	0.953
FGB	SERPINC1	9606.ENSP00000306099	9606.ENSP00000356671	0	0	0	0	0.832	0.392	0.900	0.517	0.994
FGB	FGG	9606.ENSP00000306099	9606.ENSP00000336829	0	0	0	0.803	0.992	0.963	0.900	0.963	0.999
FGG	SPP2	9606.ENSP00000336829	9606.ENSP00000168148	0	0	0	0	0.731	0	0	0.160	0.764
FGG	SERPIND1	9606.ENSP00000336829	9606.ENSP00000215727	0	0	0	0	0.620	0.062	0.900	0.537	0.981
FGG	VTN	9606.ENSP00000336829	9606.ENSP00000226218	0	0	0	0	0.583	0.236	0	0.346	0.774
FGG	HRG	9606.ENSP00000336829	9606.ENSP00000232003	0	0	0	0	0.653	0.086	0	0.539	0.841
FGG	TTR	9606.ENSP00000336829	9606.ENSP00000237014	0	0	0	0	0.564	0	0	0.393	0.724
FGG	ORM1	9606.ENSP00000336829	9606.ENSP00000259396	0	0	0	0	0.606	0	0	0.297	0.711
FGG	VWF	9606.ENSP00000336829	9606.ENSP00000261405	0	0	0	0	0	0	0.500	0.500	0.739
FGG	SERPINA10	9606.ENSP00000336829	9606.ENSP00000261994	0	0	0	0	0.608	0.062	0	0.392	0.757
FGG	ITGA2B	9606.ENSP00000336829	9606.ENSP00000262407	0	0	0	0	0.052	0.056	0.900	0.204	0.919
FGG	HPX	9606.ENSP00000336829	9606.ENSP00000265983	0	0	0	0	0.817	0.389	0	0.339	0.920
FGG	HABP2	9606.ENSP00000336829	9606.ENSP00000277903	0	0	0	0	0.654	0.109	0	0.740	0.913
FGG	PLG	9606.ENSP00000336829	9606.ENSP00000308938	0	0	0	0	0.654	0.322	0	0.424	0.853
FGG	LPA	9606.ENSP00000336829	9606.ENSP00000321334	0	0	0	0	0.661	0.322	0	0.247	0.812
FGG	SERPINF2	9606.ENSP00000336829	9606.ENSP00000321853	0	0	0	0	0.409	0.062	0.720	0.420	0.898
FGG	SERPINA5	9606.ENSP00000336829	9606.ENSP00000333203	0	0	0	0	0.371	0.230	0.900	0.239	0.958
FGG	ORM2	9606.ENSP00000336829	9606.ENSP00000394936	0	0	0	0	0.607	0	0	0.294	0.711
FGG	ITIH3	9606.ENSP00000336829	9606.ENSP00000415769	0	0	0	0	0.737	0	0	0.255	0.796
FGG	GC	9606.ENSP00000336829	9606.ENSP00000421725	0	0	0	0	0.832	0.058	0	0.354	0.889
FGG	FN1	9606.ENSP00000336829	9606.ENSP00000346839	0	0	0	0	0.088	0.449	0.720	0.308	0.889
FGG	ITIH2	9606.ENSP00000336829	9606.ENSP00000351190	0	0	0	0	0.879	0	0	0.169	0.895
FGG	ITGB3	9606.ENSP00000336829	9606.ENSP00000452786	0	0	0	0	0.062	0.681	0.900	0.292	0.975
FGG	SERPINC1	9606.ENSP00000336829	9606.ENSP00000356671	0	0	0	0	0.910	0.392	0.900	0.594	0.997
FLNA	MYH9	9606.ENSP00000358866	9606.ENSP00000216181	0	0	0	0	0.195	0.460	0	0.505	0.766
FLNA	VWF	9606.ENSP00000358866	9606.ENSP00000261405	0	0	0	0	0.062	0.079	0.600	0.707	0.885
FLNA	ITGA2B	9606.ENSP00000358866	9606.ENSP00000262407	0	0	0	0	0.062	0.878	0.600	0.296	0.963
FLNA	ITGB3	9606.ENSP00000358866	9606.ENSP00000452786	0	0	0	0	0.110	0.927	0.600	0.415	0.983
FN1	VTN	9606.ENSP00000346839	9606.ENSP00000226218	0	0	0	0	0.070	0	0	0.982	0.983
FN1	GAPDH	9606.ENSP00000346839	9606.ENSP00000229239	0	0	0	0	0	0.277	0	0.984	0.988
FN1	VWF	9606.ENSP00000346839	9606.ENSP00000261405	0	0	0	0	0.062	0	0.300	0.980	0.985
FN1	ITGA2B	9606.ENSP00000346839	9606.ENSP00000262407	0	0	0	0	0	0.270	0.900	0.966	0.997
FN1	LGALS3BP	9606.ENSP00000346839	9606.ENSP00000262776	0	0	0	0	0.066	0.367	0	0.873	0.918
FN1	ITIH4	9606.ENSP00000346839	9606.ENSP00000266041	0	0	0	0	0	0.352	0	0.866	0.909
FN1	LUM	9606.ENSP00000346839	9606.ENSP00000266718	0	0	0	0	0.336	0	0	0.645	0.755
FN1	PLG	9606.ENSP00000346839	9606.ENSP00000308938	0	0	0	0	0	0.270	0	0.989	0.992
FN1	LPA	9606.ENSP00000346839	9606.ENSP00000321334	0	0	0	0	0	0.500	0	0.431	0.703
FN1	SERPINF2	9606.ENSP00000346839	9606.ENSP00000321853	0	0	0	0	0	0.270	0.720	0.518	0.892
FN1	YWHAZ	9606.ENSP00000346839	9606.ENSP00000379287	0	0	0	0	0	0.063	0.900	0.346	0.933
FN1	ITGB3	9606.ENSP00000346839	9606.ENSP00000452786	0	0	0	0	0.100	0.974	0.900	0.972	0.999
GAPDH	S100A8	9606.ENSP00000229239	9606.ENSP00000357722	0	0	0	0	0	0.547	0	0.413	0.722
GAPDH	SLC2A1	9606.ENSP00000229239	9606.ENSP00000416293	0.052	0	0	0	0.099	0.213	0	0.657	0.739
GAPDH	TUBB	9606.ENSP00000229239	9606.ENSP00000339001	0	0	0	0	0.225	0.156	0	0.636	0.741
GAPDH	S100A9	9606.ENSP00000229239	9606.ENSP00000357727	0	0	0	0	0	0.686	0	0.282	0.765
GAPDH	YWHAZ	9606.ENSP00000229239	9606.ENSP00000379287	0	0	0	0	0.085	0.260	0	0.700	0.780
GAPDH	HSPA8	9606.ENSP00000229239	9606.ENSP00000432083	0.046	0	0	0	0.308	0.502	0	0.888	0.958
GAPDH	PKM	9606.ENSP00000229239	9606.ENSP00000320171	0.135	0	0	0	0.705	0.494	0	0.765	0.965
GAPDH	PLG	9606.ENSP00000229239	9606.ENSP00000308938	0	0	0	0	0	0.059	0	0.989	0.990
GC	SPP2	9606.ENSP00000421725	9606.ENSP00000168148	0	0	0	0	0.803	0	0	0.247	0.845
GC	HRG	9606.ENSP00000421725	9606.ENSP00000232003	0	0	0	0	0.793	0.072	0	0.515	0.898
GC	TTR	9606.ENSP00000421725	9606.ENSP00000237014	0	0	0	0	0.661	0.175	0	0.667	0.899
GC	ORM1	9606.ENSP00000421725	9606.ENSP00000259396	0	0	0	0	0.498	0.068	0	0.511	0.751
GC	HPX	9606.ENSP00000421725	9606.ENSP00000265983	0	0	0	0	0.547	0.106	0	0.669	0.854
GC	HABP2	9606.ENSP00000421725	9606.ENSP00000277903	0	0	0	0	0.668	0.073	0	0.108	0.702
GC	HP	9606.ENSP00000421725	9606.ENSP00000348170	0	0	0	0	0.172	0.073	0	0.744	0.786
GC	ITIH2	9606.ENSP00000421725	9606.ENSP00000351190	0	0	0	0	0.659	0.130	0	0.392	0.804
GC	SERPINC1	9606.ENSP00000421725	9606.ENSP00000356671	0	0	0	0	0.821	0.078	0	0.473	0.905
GC	RBP4	9606.ENSP00000421725	9606.ENSP00000360522	0	0	0	0	0.521	0.174	0	0.520	0.793
GC	ORM2	9606.ENSP00000421725	9606.ENSP00000394936	0	0	0	0	0.498	0.068	0	0.427	0.709
GC	SERPINA1	9606.ENSP00000421725	9606.ENSP00000416066	0	0	0	0	0.210	0.078	0	0.683	0.749
GIG25	HP	9606.ENSP00000376793	9606.ENSP00000348170	0	0	0	0	0.066	0.120	0	0.715	0.745
GNAI2	PF4	9606.ENSP00000312999	9606.ENSP00000296029	0	0	0	0	0	0	0.900	0	0.900
HABP2	HRG	9606.ENSP00000277903	9606.ENSP00000232003	0	0	0	0	0.568	0.056	0	0.636	0.838
HABP2	ITIH2	9606.ENSP00000277903	9606.ENSP00000351190	0	0	0	0	0.650	0.056	0	0.217	0.719
HABP2	SERPINC1	9606.ENSP00000277903	9606.ENSP00000356671	0	0	0	0	0.524	0.120	0	0.431	0.741
HABP2	MBL2	9606.ENSP00000277903	9606.ENSP00000363079	0	0	0	0	0.508	0.056	0	0.504	0.749
HBA1	HP	9606.ENSP00000322421	9606.ENSP00000348170	0	0	0	0	0.077	0.864	0.720	0.622	0.984
HBA1	HBD	9606.ENSP00000322421	9606.ENSP00000369654	0	0	0	0.900	0.338	0.967	0.540	0.658	0.990
HBA1	HBB	9606.ENSP00000322421	9606.ENSP00000333994	0	0	0	0.900	0.786	0.995	0.720	0.895	0.999
HBB	HPX	9606.ENSP00000333994	9606.ENSP00000265983	0	0	0	0	0.053	0	0.900	0.390	0.937
HBB	HPR	9606.ENSP00000333994	9606.ENSP00000441828	0	0	0	0	0.062	0.181	0.800	0.193	0.859
HBB	HBD	9606.ENSP00000333994	9606.ENSP00000369654	0	0	0	0.983	0.270	0	0.900	0.381	0.924
HBB	HP	9606.ENSP00000333994	9606.ENSP00000348170	0	0	0	0	0.062	0.869	0.720	0.682	0.987
HBD	SLC4A1	9606.ENSP00000369654	9606.ENSP00000262418	0	0	0	0	0.658	0	0	0.282	0.744
HBD	HP	9606.ENSP00000369654	9606.ENSP00000348170	0	0	0	0	0.062	0.181	0.540	0.713	0.885
HP	LBP	9606.ENSP00000348170	9606.ENSP00000217407	0	0	0	0	0.098	0	0	0.729	0.746
HP	PON1	9606.ENSP00000348170	9606.ENSP00000222381	0	0	0	0	0.107	0	0.720	0.561	0.880
HP	TTR	9606.ENSP00000348170	9606.ENSP00000237014	0	0	0	0	0.062	0	0	0.838	0.842
HP	ORM1	9606.ENSP00000348170	9606.ENSP00000259396	0	0	0	0	0.284	0	0	0.760	0.821
HP	HPX	9606.ENSP00000348170	9606.ENSP00000265983	0	0	0	0	0.143	0	0	0.966	0.970
HP	ITIH4	9606.ENSP00000348170	9606.ENSP00000266041	0	0	0	0	0.133	0.056	0	0.723	0.754
HP	SAA4	9606.ENSP00000348170	9606.ENSP00000278222	0	0	0	0	0.115	0	0.540	0.385	0.727
HP	LPA	9606.ENSP00000348170	9606.ENSP00000321334	0	0	0	0.618	0.108	0	0.720	0.503	0.787
HP	SAA2	9606.ENSP00000348170	9606.ENSP00000436126	0	0	0	0	0.078	0	0.540	0.431	0.737
HP	ORM2	9606.ENSP00000348170	9606.ENSP00000394936	0	0	0	0	0.239	0	0	0.702	0.764
HP	PLTP	9606.ENSP00000348170	9606.ENSP00000417138	0	0	0	0	0	0	0.720	0.320	0.801
HP	TF	9606.ENSP00000348170	9606.ENSP00000385834	0	0	0	0	0.190	0.169	0	0.728	0.801
HP	SAA1	9606.ENSP00000348170	9606.ENSP00000384906	0	0	0	0	0.063	0	0.540	0.665	0.843
HP	SERPINA1	9606.ENSP00000348170	9606.ENSP00000416066	0	0	0	0	0.171	0.120	0	0.878	0.904
HP	HPR	9606.ENSP00000348170	9606.ENSP00000441828	0	0	0.447	0.982	0.804	0	0.720	0.651	0.943
HPR	PON1	9606.ENSP00000441828	9606.ENSP00000222381	0	0	0	0	0.139	0	0.720	0.469	0.860
HPR	LPA	9606.ENSP00000441828	9606.ENSP00000321334	0	0	0	0.636	0.161	0	0.720	0.358	0.784
HPR	PLTP	9606.ENSP00000441828	9606.ENSP00000417138	0	0	0	0	0	0	0.720	0.427	0.832
HPX	HRG	9606.ENSP00000265983	9606.ENSP00000232003	0	0	0	0	0.647	0	0	0.470	0.805
HPX	TTR	9606.ENSP00000265983	9606.ENSP00000237014	0	0	0	0	0.205	0	0	0.640	0.701
HPX	ORM1	9606.ENSP00000265983	9606.ENSP00000259396	0	0	0	0	0.287	0	0	0.609	0.710
HPX	TF	9606.ENSP00000265983	9606.ENSP00000385834	0	0	0	0	0.145	0	0	0.695	0.728
HPX	SERPINA1	9606.ENSP00000265983	9606.ENSP00000416066	0	0	0	0	0.183	0.056	0	0.684	0.735
HPX	SERPINC1	9606.ENSP00000265983	9606.ENSP00000356671	0	0	0	0	0.506	0.056	0	0.539	0.766
HRG	SPP2	9606.ENSP00000232003	9606.ENSP00000168148	0	0	0	0	0.819	0	0	0.402	0.887
HRG	MBL2	9606.ENSP00000232003	9606.ENSP00000363079	0	0	0	0	0.619	0	0	0.252	0.703
HRG	ITIH3	9606.ENSP00000232003	9606.ENSP00000415769	0	0	0	0	0.636	0	0	0.232	0.708
HRG	LPA	9606.ENSP00000232003	9606.ENSP00000321334	0	0	0	0	0.397	0.056	0	0.537	0.713
HRG	SERPINF2	9606.ENSP00000232003	9606.ENSP00000321853	0	0	0	0	0.184	0	0	0.663	0.713
HRG	KNG1	9606.ENSP00000232003	9606.ENSP00000265023	0	0	0	0	0.257	0	0	0.659	0.735
HRG	ITIH2	9606.ENSP00000232003	9606.ENSP00000351190	0	0	0	0	0.634	0	0	0.433	0.783
HRG	SERPINC1	9606.ENSP00000232003	9606.ENSP00000356671	0	0	0	0	0.667	0	0	0.803	0.931
HRG	PLG	9606.ENSP00000232003	9606.ENSP00000308938	0	0	0	0	0.422	0.225	0.800	0.992	0.999
HSPA8	PKM	9606.ENSP00000432083	9606.ENSP00000320171	0.049	0	0	0	0.112	0.076	0	0.974	0.978
HSPA8	TUBB	9606.ENSP00000432083	9606.ENSP00000339001	0	0	0	0	0.133	0.693	0	0.454	0.842
HSPA8	TFRC	9606.ENSP00000432083	9606.ENSP00000353224	0	0	0	0	0.065	0	0.600	0.935	0.973
IGFALS	PLG	9606.ENSP00000416683	9606.ENSP00000308938	0	0	0	0	0.112	0.056	0.900	0.122	0.916
IGJ	IGLL5	9606.ENSP00000254801	9606.ENSP00000431254	0	0	0	0	0.358	0	0.600	0.510	0.863
IGJ	IGLL1	9606.ENSP00000254801	9606.ENSP00000329312	0	0	0	0	0.531	0	0.540	0.517	0.886
IGJ	PIGR	9606.ENSP00000254801	9606.ENSP00000348888	0	0	0	0	0.062	0.821	0	0.990	0.998
IGLL1	IGLL5	9606.ENSP00000329312	9606.ENSP00000431254	0	0	0	0.971	0.746	0.412	0.540	0.787	0.926
IGLL5	MYH9	9606.ENSP00000431254	9606.ENSP00000216181	0	0	0	0	0.052	0	0.900	0.067	0.903
ITGA2B	VTN	9606.ENSP00000262407	9606.ENSP00000226218	0	0	0	0	0	0	0.900	0.826	0.981
ITGA2B	VWF	9606.ENSP00000262407	9606.ENSP00000261405	0	0	0	0	0.097	0.213	0.800	0.989	0.998
ITGA2B	PF4	9606.ENSP00000262407	9606.ENSP00000296029	0	0	0	0	0.116	0	0	0.729	0.751
ITGA2B	ITGB3	9606.ENSP00000262407	9606.ENSP00000452786	0	0	0	0	0.209	0.985	0.900	0.989	0.999
ITGB3	VTN	9606.ENSP00000452786	9606.ENSP00000226218	0	0	0	0	0.063	0.235	0.900	0.951	0.996
ITGB3	VWF	9606.ENSP00000452786	9606.ENSP00000261405	0	0	0	0	0.081	0.060	0.800	0.844	0.969
ITIH2	SERPIND1	9606.ENSP00000351190	9606.ENSP00000215727	0	0	0	0	0.604	0	0	0.540	0.810
ITIH2	SERPINA10	9606.ENSP00000351190	9606.ENSP00000261994	0	0	0	0	0.636	0	0	0.471	0.799
ITIH2	TF	9606.ENSP00000351190	9606.ENSP00000385834	0	0	0	0	0.575	0	0	0.413	0.740
ITIH2	ITIH3	9606.ENSP00000351190	9606.ENSP00000415769	0	0	0	0.906	0.747	0	0	0.909	0.768
ITIH2	SERPINC1	9606.ENSP00000351190	9606.ENSP00000356671	0	0	0	0	0.917	0	0	0.379	0.946
ITIH3	SERPINA10	9606.ENSP00000415769	9606.ENSP00000261994	0	0	0	0	0.501	0	0	0.462	0.720
ITIH3	SERPINC1	9606.ENSP00000415769	9606.ENSP00000356671	0	0	0	0	0.692	0	0	0.310	0.779
ITIH3	ORM2	9606.ENSP00000415769	9606.ENSP00000394936	0	0	0	0	0.570	0	0	0.426	0.743
KLKB1	SERPINA5	9606.ENSP00000264690	9606.ENSP00000333203	0	0	0	0	0.110	0.506	0	0.590	0.804
KLKB1	SERPINC1	9606.ENSP00000264690	9606.ENSP00000356671	0	0	0	0	0.468	0.120	0	0.653	0.823
KLKB1	PLG	9606.ENSP00000264690	9606.ENSP00000308938	0	0	0	0.641	0.185	0	0.800	0.759	0.875
KLKB1	SERPING1	9606.ENSP00000264690	9606.ENSP00000278407	0	0	0	0	0.084	0.120	0.900	0.804	0.982
KLKB1	KNG1	9606.ENSP00000264690	9606.ENSP00000265023	0	0	0	0	0.064	0.877	0.900	0.988	0.999
KNG1	VTN	9606.ENSP00000265023	9606.ENSP00000226218	0	0	0	0	0.147	0.270	0	0.652	0.765
KNG1	SERPINC1	9606.ENSP00000265023	9606.ENSP00000356671	0	0	0	0	0.281	0	0	0.686	0.765
KNG1	SERPING1	9606.ENSP00000265023	9606.ENSP00000278407	0	0	0	0	0.066	0	0.300	0.814	0.868
KNG1	PLG	9606.ENSP00000265023	9606.ENSP00000308938	0	0	0	0	0.258	0.281	0	0.792	0.879
LBP	SAA1	9606.ENSP00000217407	9606.ENSP00000384906	0	0	0	0	0.123	0	0.900	0.414	0.944
LPA	PON1	9606.ENSP00000321334	9606.ENSP00000222381	0	0	0	0	0.167	0	0.720	0.653	0.912
LPA	SAA1	9606.ENSP00000321334	9606.ENSP00000384906	0	0	0	0	0.063	0	0.540	0.391	0.714
LPA	SERPINC1	9606.ENSP00000321334	9606.ENSP00000356671	0	0	0	0	0.665	0.258	0	0.413	0.841
LPA	PLTP	9606.ENSP00000321334	9606.ENSP00000417138	0	0	0	0	0.064	0	0.720	0.750	0.928
MASP1	SERPING1	9606.ENSP00000296280	9606.ENSP00000278407	0	0	0	0	0.086	0.330	0	0.891	0.927
MASP1	MASP2	9606.ENSP00000296280	9606.ENSP00000383690	0	0	0	0.923	0.066	0.270	0.900	0.990	0.931
MASP1	MBL2	9606.ENSP00000296280	9606.ENSP00000363079	0	0	0	0	0.140	0.875	0.900	0.970	0.999
MASP2	SERPING1	9606.ENSP00000383690	9606.ENSP00000278407	0	0	0	0	0.062	0.330	0.800	0.808	0.972
MASP2	MBL2	9606.ENSP00000383690	9606.ENSP00000363079	0	0	0	0	0.140	0.874	0.900	0.963	0.999
MBL2	SERPING1	9606.ENSP00000363079	9606.ENSP00000278407	0	0	0	0	0.063	0.057	0.800	0.517	0.903
MST1	YWHAZ	9606.ENSP00000414287	9606.ENSP00000379287	0	0	0	0	0	0	0.900	0	0.900
ORM1	TTR	9606.ENSP00000259396	9606.ENSP00000237014	0	0	0	0	0.509	0	0	0.633	0.812
ORM1	SERPINA5	9606.ENSP00000259396	9606.ENSP00000333203	0	0	0	0	0.209	0	0	0.638	0.702
ORM1	SERPINC1	9606.ENSP00000259396	9606.ENSP00000356671	0	0	0	0	0.631	0	0	0.388	0.764
ORM1	SERPINA1	9606.ENSP00000259396	9606.ENSP00000416066	0	0	0	0	0.440	0	0	0.711	0.831
ORM1	ORM2	9606.ENSP00000259396	9606.ENSP00000394936	0	0	0	0.983	0.954	0.680	0	0.910	0.984
ORM2	TTR	9606.ENSP00000394936	9606.ENSP00000237014	0	0	0	0	0.508	0	0	0.551	0.770
ORM2	SERPINC1	9606.ENSP00000394936	9606.ENSP00000356671	0	0	0	0	0.640	0	0	0.305	0.740
ORM2	SERPINA1	9606.ENSP00000394936	9606.ENSP00000416066	0	0	0	0	0.396	0	0	0.606	0.752
PF4	VWF	9606.ENSP00000296029	9606.ENSP00000261405	0	0	0	0	0.062	0	0	0.882	0.885
PF4	SERPINC1	9606.ENSP00000296029	9606.ENSP00000356671	0	0	0	0	0	0	0	0.907	0.907
PKM	PRDX2	9606.ENSP00000320171	9606.ENSP00000301522	0	0	0	0	0.064	0.696	0	0.190	0.749
PKM	SLC2A1	9606.ENSP00000320171	9606.ENSP00000416293	0	0	0	0	0.095	0.056	0	0.788	0.803
PLG	SERPIND1	9606.ENSP00000308938	9606.ENSP00000215727	0	0	0	0	0.220	0.120	0	0.666	0.751
PLG	VTN	9606.ENSP00000308938	9606.ENSP00000226218	0	0	0	0	0.262	0	0	0.988	0.991
PLG	VWF	9606.ENSP00000308938	9606.ENSP00000261405	0	0	0	0	0	0	0	0.870	0.870
PLG	SERPING1	9606.ENSP00000308938	9606.ENSP00000278407	0	0	0	0	0.063	0.277	0	0.596	0.703
PLG	SERPINA1	9606.ENSP00000308938	9606.ENSP00000416066	0	0	0	0	0.178	0.122	0	0.695	0.760
PLG	SERPINC1	9606.ENSP00000308938	9606.ENSP00000356671	0	0	0	0	0.674	0.391	0	0.917	0.982
PLG	SERPINF2	9606.ENSP00000308938	9606.ENSP00000321853	0	0	0	0	0.184	0.704	0.300	0.992	0.998
PLTP	PON1	9606.ENSP00000417138	9606.ENSP00000222381	0	0	0	0	0	0	0.720	0.638	0.894
PLTP	SAA4	9606.ENSP00000417138	9606.ENSP00000278222	0	0	0	0	0	0	0.540	0.414	0.719
PLTP	SAA1	9606.ENSP00000417138	9606.ENSP00000384906	0	0	0	0	0	0	0.540	0.516	0.768
PON1	SAA4	9606.ENSP00000222381	9606.ENSP00000278222	0	0	0	0	0.091	0	0.540	0.428	0.740
PON1	SAA1	9606.ENSP00000222381	9606.ENSP00000384906	0	0	0	0	0.062	0	0.540	0.505	0.767
PROS1	SERPIND1	9606.ENSP00000377783	9606.ENSP00000215727	0	0	0	0	0.062	0	0	0.720	0.726
RBP4	TTR	9606.ENSP00000360522	9606.ENSP00000237014	0	0	0	0	0.250	0.951	0.600	0.990	0.999
S100A8	S100A9	9606.ENSP00000357722	9606.ENSP00000357727	0	0	0	0.801	0.995	0.950	0.900	0.987	0.999
SAA1	TTR	9606.ENSP00000384906	9606.ENSP00000237014	0	0	0	0	0.062	0	0.300	0.596	0.712
SERPINA1	TTR	9606.ENSP00000416066	9606.ENSP00000237014	0	0	0	0	0.178	0.142	0	0.799	0.845
SERPINA1	TF	9606.ENSP00000416066	9606.ENSP00000385834	0	0	0	0	0.151	0	0	0.690	0.726
SERPINA5	SERPIND1	9606.ENSP00000333203	9606.ENSP00000215727	0	0	0.436	0.743	0.193	0	0.600	0.635	0.747
SERPINA5	VTN	9606.ENSP00000333203	9606.ENSP00000226218	0	0	0	0	0.153	0.056	0	0.684	0.725
SERPINA5	VWF	9606.ENSP00000333203	9606.ENSP00000261405	0	0	0	0	0	0	0.900	0.314	0.928
SERPINA5	SERPINC1	9606.ENSP00000333203	9606.ENSP00000356671	0	0	0.448	0.757	0.230	0.102	0.600	0.658	0.772
SERPINA6	SHBG	9606.ENSP00000342850	9606.ENSP00000369816	0	0	0	0	0.064	0	0	0.907	0.909
SERPINA7	TTR	9606.ENSP00000329374	9606.ENSP00000237014	0	0	0	0	0.235	0.102	0	0.933	0.950
SERPINA7	SERPINC1	9606.ENSP00000329374	9606.ENSP00000356671	0	0	0.447	0.704	0.577	0.107	0	0.463	0.700
SERPINA7	SHBG	9606.ENSP00000329374	9606.ENSP00000369816	0	0	0	0	0.085	0	0	0.694	0.708
SERPINC1	SERPIND1	9606.ENSP00000356671	9606.ENSP00000215727	0	0	0.434	0.728	0.431	0	0.600	0.948	0.843
SERPINC1	VTN	9606.ENSP00000356671	9606.ENSP00000226218	0	0	0	0	0.327	0.056	0	0.988	0.991
SERPINC1	TTR	9606.ENSP00000356671	9606.ENSP00000237014	0	0	0	0	0.442	0.068	0	0.504	0.719
SERPINC1	VWF	9606.ENSP00000356671	9606.ENSP00000261405	0	0	0	0	0	0	0.900	0.860	0.985
SERPIND1	VTN	9606.ENSP00000215727	9606.ENSP00000226218	0	0	0	0	0.305	0.056	0	0.602	0.716
SERPIND1	VWF	9606.ENSP00000215727	9606.ENSP00000261405	0	0	0	0	0	0	0.900	0.467	0.944
SLC2A1	STOM	9606.ENSP00000416293	9606.ENSP00000286713	0	0	0	0	0.062	0.314	0	0.978	0.984
SLC4A1	SPTA1	9606.ENSP00000262418	9606.ENSP00000357129	0	0	0	0	0.121	0.305	0	0.694	0.797
SPTA1	SPTB	9606.ENSP00000357129	9606.ENSP00000451752	0	0	0	0.605	0.109	0.960	0.720	0.700	0.992
TF	TFRC	9606.ENSP00000385834	9606.ENSP00000353224	0	0	0	0	0.049	0.974	0.800	0.922	0.999
TUBB	YWHAZ	9606.ENSP00000339001	9606.ENSP00000379287	0	0	0	0	0.085	0.942	0	0.432	0.967
VTN	VWF	9606.ENSP00000226218	9606.ENSP00000261405	0	0	0	0	0	0	0	0.711	0.711
VWF	YWHAZ	9606.ENSP00000261405	9606.ENSP00000379287	0	0	0	0	0	0.056	0.600	0.326	0.723
